model,kv_rank,loops,backend,policy,batch,seq,width,gradient_global_relative_l2,maximum_parameter_relative_l2,gradient_cosine,raw_record
fixed_depth,,4,torch,none,2,32,128,0.0,0.0,1.0,experiments/l40s/results/loop-sweep/qualification-fixed_depth-tensor-r064-t04-none.json
fixed_depth,,4,torch,ac,2,32,128,0.0,0.0,1.0,experiments/l40s/results/loop-sweep/qualification-fixed_depth-tensor-r064-t04-none.json
fixed_depth,,4,tensor,none,2,32,128,0.0,0.0,1.0,experiments/l40s/results/loop-sweep/qualification-fixed_depth-tensor-r064-t04-none.json
fixed_depth,,4,tensor,ac,2,32,128,0.0,0.0,1.0,experiments/l40s/results/loop-sweep/qualification-fixed_depth-tensor-r064-t04-none.json
fixed_depth,,16,torch,none,2,32,128,0.0,0.0,1.0,experiments/l40s/results/loop-sweep/qualification-fixed_depth-tensor-r064-t16-none.json
fixed_depth,,16,torch,ac,2,32,128,0.0,0.0,1.0,experiments/l40s/results/loop-sweep/qualification-fixed_depth-tensor-r064-t16-none.json
fixed_depth,,16,tensor,none,2,32,128,0.0,0.0,1.0,experiments/l40s/results/loop-sweep/qualification-fixed_depth-tensor-r064-t16-none.json
fixed_depth,,16,tensor,ac,2,32,128,0.0,0.0,1.0,experiments/l40s/results/loop-sweep/qualification-fixed_depth-tensor-r064-t16-none.json
llt,32,4,torch,none,2,32,128,0.0,0.0,1.0,experiments/l40s/results/loop-sweep/qualification-llt-tensor-r032-t04-none.json
llt,32,4,torch,ac,2,32,128,0.0,0.0,1.0,experiments/l40s/results/loop-sweep/qualification-llt-tensor-r032-t04-none.json
llt,32,4,torch,lac,2,32,128,0.0,0.0,1.0,experiments/l40s/results/loop-sweep/qualification-llt-tensor-r032-t04-none.json
llt,32,4,tensor,none,2,32,128,0.0,0.0,1.0,experiments/l40s/results/loop-sweep/qualification-llt-tensor-r032-t04-none.json
llt,32,4,tensor,ac,2,32,128,0.0,0.0,1.0,experiments/l40s/results/loop-sweep/qualification-llt-tensor-r032-t04-none.json
llt,32,4,tensor,lac,2,32,128,0.0,0.0,1.0,experiments/l40s/results/loop-sweep/qualification-llt-tensor-r032-t04-none.json
llt,32,16,torch,none,2,32,128,0.0,0.0,1.0,experiments/l40s/results/loop-sweep/qualification-llt-tensor-r032-t16-none.json
llt,32,16,torch,ac,2,32,128,0.0,0.0,1.0,experiments/l40s/results/loop-sweep/qualification-llt-tensor-r032-t16-none.json
llt,32,16,torch,lac,2,32,128,0.0,0.0,1.0,experiments/l40s/results/loop-sweep/qualification-llt-tensor-r032-t16-none.json
llt,32,16,tensor,none,2,32,128,0.0,0.0,1.0,experiments/l40s/results/loop-sweep/qualification-llt-tensor-r032-t16-none.json
llt,32,16,tensor,ac,2,32,128,0.0,0.0,1.0,experiments/l40s/results/loop-sweep/qualification-llt-tensor-r032-t16-none.json
llt,32,16,tensor,lac,2,32,128,0.0,0.0,1.0,experiments/l40s/results/loop-sweep/qualification-llt-tensor-r032-t16-none.json
llt,64,4,torch,none,2,32,128,0.0,0.0,1.0,experiments/l40s/results/loop-sweep/qualification-llt-tensor-r064-t04-none.json
llt,64,4,torch,ac,2,32,128,0.0,0.0,1.0,experiments/l40s/results/loop-sweep/qualification-llt-tensor-r064-t04-none.json
llt,64,4,torch,lac,2,32,128,0.0,0.0,1.0,experiments/l40s/results/loop-sweep/qualification-llt-tensor-r064-t04-none.json
llt,64,4,tensor,none,2,32,128,0.0,0.0,1.0,experiments/l40s/results/loop-sweep/qualification-llt-tensor-r064-t04-none.json
llt,64,4,tensor,ac,2,32,128,0.0,0.0,1.0,experiments/l40s/results/loop-sweep/qualification-llt-tensor-r064-t04-none.json
llt,64,4,tensor,lac,2,32,128,0.0,0.0,1.0,experiments/l40s/results/loop-sweep/qualification-llt-tensor-r064-t04-none.json
llt,64,16,torch,none,2,32,128,0.0,0.0,1.0,experiments/l40s/results/loop-sweep/qualification-llt-tensor-r064-t16-none.json
llt,64,16,torch,ac,2,32,128,0.0,0.0,1.0,experiments/l40s/results/loop-sweep/qualification-llt-tensor-r064-t16-none.json
llt,64,16,torch,lac,2,32,128,0.0,0.0,1.0,experiments/l40s/results/loop-sweep/qualification-llt-tensor-r064-t16-none.json
llt,64,16,tensor,none,2,32,128,0.0,0.0,1.0,experiments/l40s/results/loop-sweep/qualification-llt-tensor-r064-t16-none.json
llt,64,16,tensor,ac,2,32,128,0.0,0.0,1.0,experiments/l40s/results/loop-sweep/qualification-llt-tensor-r064-t16-none.json
llt,64,16,tensor,lac,2,32,128,0.0,0.0,1.0,experiments/l40s/results/loop-sweep/qualification-llt-tensor-r064-t16-none.json
llt,128,4,torch,none,2,32,128,0.0,0.0,1.0,experiments/l40s/results/loop-sweep/qualification-llt-tensor-r128-t04-none.json
llt,128,4,torch,ac,2,32,128,0.0,0.0,1.0,experiments/l40s/results/loop-sweep/qualification-llt-tensor-r128-t04-none.json
llt,128,4,torch,lac,2,32,128,0.0,0.0,1.0,experiments/l40s/results/loop-sweep/qualification-llt-tensor-r128-t04-none.json
llt,128,4,tensor,none,2,32,128,0.0,0.0,1.0,experiments/l40s/results/loop-sweep/qualification-llt-tensor-r128-t04-none.json
llt,128,4,tensor,ac,2,32,128,0.0,0.0,1.0,experiments/l40s/results/loop-sweep/qualification-llt-tensor-r128-t04-none.json
llt,128,4,tensor,lac,2,32,128,0.0,0.0,1.0,experiments/l40s/results/loop-sweep/qualification-llt-tensor-r128-t04-none.json
llt,128,16,torch,none,2,32,128,0.0,0.0,1.0,experiments/l40s/results/loop-sweep/qualification-llt-tensor-r128-t16-none.json
llt,128,16,torch,ac,2,32,128,0.0,0.0,1.0,experiments/l40s/results/loop-sweep/qualification-llt-tensor-r128-t16-none.json
llt,128,16,torch,lac,2,32,128,0.0,0.0,1.0,experiments/l40s/results/loop-sweep/qualification-llt-tensor-r128-t16-none.json
llt,128,16,tensor,none,2,32,128,0.0,0.0,1.0,experiments/l40s/results/loop-sweep/qualification-llt-tensor-r128-t16-none.json
llt,128,16,tensor,ac,2,32,128,0.0,0.0,1.0,experiments/l40s/results/loop-sweep/qualification-llt-tensor-r128-t16-none.json
llt,128,16,tensor,lac,2,32,128,0.0,0.0,1.0,experiments/l40s/results/loop-sweep/qualification-llt-tensor-r128-t16-none.json
naive_loop,,4,torch,none,2,32,128,0.0,0.0,1.0,experiments/l40s/results/loop-sweep/qualification-naive_loop-tensor-r064-t04-none.json
naive_loop,,4,torch,ac,2,32,128,0.0,0.0,1.0,experiments/l40s/results/loop-sweep/qualification-naive_loop-tensor-r064-t04-none.json
naive_loop,,4,tensor,none,2,32,128,0.0,0.0,1.0,experiments/l40s/results/loop-sweep/qualification-naive_loop-tensor-r064-t04-none.json
naive_loop,,4,tensor,ac,2,32,128,0.0,0.0,1.0,experiments/l40s/results/loop-sweep/qualification-naive_loop-tensor-r064-t04-none.json
naive_loop,,16,torch,none,2,32,128,0.0,0.0,1.0,experiments/l40s/results/loop-sweep/qualification-naive_loop-tensor-r064-t16-none.json
naive_loop,,16,torch,ac,2,32,128,0.0,0.0,1.0,experiments/l40s/results/loop-sweep/qualification-naive_loop-tensor-r064-t16-none.json
naive_loop,,16,tensor,none,2,32,128,0.0,0.0,1.0,experiments/l40s/results/loop-sweep/qualification-naive_loop-tensor-r064-t16-none.json
naive_loop,,16,tensor,ac,2,32,128,0.0,0.0,1.0,experiments/l40s/results/loop-sweep/qualification-naive_loop-tensor-r064-t16-none.json
stacked,,4,torch,none,2,32,128,0.0,0.0,1.0,experiments/l40s/results/loop-sweep/qualification-stacked-tensor-r064-t04-none.json
stacked,,4,torch,ac,2,32,128,0.0,0.0,1.0,experiments/l40s/results/loop-sweep/qualification-stacked-tensor-r064-t04-none.json
stacked,,4,tensor,none,2,32,128,0.0,0.0,1.0,experiments/l40s/results/loop-sweep/qualification-stacked-tensor-r064-t04-none.json
stacked,,4,tensor,ac,2,32,128,0.0,0.0,1.0,experiments/l40s/results/loop-sweep/qualification-stacked-tensor-r064-t04-none.json
stacked,,16,torch,none,2,32,128,0.0,0.0,1.0,experiments/l40s/results/loop-sweep/qualification-stacked-tensor-r064-t16-none.json
stacked,,16,torch,ac,2,32,128,0.0,0.0,1.0,experiments/l40s/results/loop-sweep/qualification-stacked-tensor-r064-t16-none.json
stacked,,16,tensor,none,2,32,128,0.0,0.0,1.0,experiments/l40s/results/loop-sweep/qualification-stacked-tensor-r064-t16-none.json
stacked,,16,tensor,ac,2,32,128,0.0,0.0,1.0,experiments/l40s/results/loop-sweep/qualification-stacked-tensor-r064-t16-none.json
fixed_depth,,16,tensor,none,4,1024,768,0.0,0.0,1.0,experiments/l40s/results/loop-sweep/full_qualification-fixed_depth-tensor-r064-t16-none.json
fixed_depth,,16,tensor,ac,4,1024,768,9.333776850361003e-11,1.1237201800497213e-09,1.0,experiments/l40s/results/loop-sweep/full_qualification-fixed_depth-tensor-r064-t16-none.json
fixed_depth,,16,torch,none,4,1024,768,0.0,0.0,1.0,experiments/l40s/results/loop-sweep/full_qualification-fixed_depth-torch-r064-t16-none.json
fixed_depth,,16,torch,ac,4,1024,768,0.0,0.0,1.0,experiments/l40s/results/loop-sweep/full_qualification-fixed_depth-torch-r064-t16-none.json
llt,32,16,tensor,none,4,1024,768,0.0,0.0,1.0,experiments/l40s/results/loop-sweep/full_qualification-llt-tensor-r032-t16-none.json
llt,32,16,tensor,ac,4,1024,768,2.3179748060462916e-11,1.3318723400935646e-09,0.9999999999999998,experiments/l40s/results/loop-sweep/full_qualification-llt-tensor-r032-t16-none.json
llt,32,16,tensor,lac,4,1024,768,2.51750073176262e-11,1.4465168396368585e-09,1.0,experiments/l40s/results/loop-sweep/full_qualification-llt-tensor-r032-t16-none.json
llt,64,16,tensor,none,4,1024,768,0.0,0.0,1.0,experiments/l40s/results/loop-sweep/full_qualification-llt-tensor-r064-t16-none.json
llt,64,16,tensor,ac,4,1024,768,1.682679405942747e-11,9.79018365004465e-10,1.0,experiments/l40s/results/loop-sweep/full_qualification-llt-tensor-r064-t16-none.json
llt,64,16,tensor,lac,4,1024,768,1.594933454809377e-11,9.279659201293678e-10,1.0,experiments/l40s/results/loop-sweep/full_qualification-llt-tensor-r064-t16-none.json
llt,128,16,tensor,none,4,1024,768,0.0,0.0,1.0,experiments/l40s/results/loop-sweep/full_qualification-llt-tensor-r128-t16-none.json
llt,128,16,tensor,ac,4,1024,768,2.2269438283254417e-11,1.2799711886097234e-09,0.9999999999999998,experiments/l40s/results/loop-sweep/full_qualification-llt-tensor-r128-t16-none.json
llt,128,16,tensor,lac,4,1024,768,2.2264527195606736e-11,1.2796889160793698e-09,1.0000000000000002,experiments/l40s/results/loop-sweep/full_qualification-llt-tensor-r128-t16-none.json
llt,32,16,torch,none,4,1024,768,0.0,0.0,1.0,experiments/l40s/results/loop-sweep/full_qualification-llt-torch-r032-t16-none.json
llt,32,16,torch,ac,4,1024,768,0.0,0.0,1.0,experiments/l40s/results/loop-sweep/full_qualification-llt-torch-r032-t16-none.json
llt,32,16,torch,lac,4,1024,768,0.0,0.0,1.0,experiments/l40s/results/loop-sweep/full_qualification-llt-torch-r032-t16-none.json
llt,64,16,torch,none,4,1024,768,0.0,0.0,1.0,experiments/l40s/results/loop-sweep/full_qualification-llt-torch-r064-t16-none.json
llt,64,16,torch,ac,4,1024,768,0.0,0.0,1.0,experiments/l40s/results/loop-sweep/full_qualification-llt-torch-r064-t16-none.json
llt,64,16,torch,lac,4,1024,768,0.0,0.0,1.0,experiments/l40s/results/loop-sweep/full_qualification-llt-torch-r064-t16-none.json
llt,128,16,torch,none,4,1024,768,0.0,0.0,1.0,experiments/l40s/results/loop-sweep/full_qualification-llt-torch-r128-t16-none.json
llt,128,16,torch,ac,4,1024,768,0.0,0.0,1.0,experiments/l40s/results/loop-sweep/full_qualification-llt-torch-r128-t16-none.json
llt,128,16,torch,lac,4,1024,768,0.0,0.0,1.0,experiments/l40s/results/loop-sweep/full_qualification-llt-torch-r128-t16-none.json
naive_loop,,16,tensor,none,4,1024,768,0.0,0.0,1.0,experiments/l40s/results/loop-sweep/full_qualification-naive_loop-tensor-r064-t16-none.json
naive_loop,,16,tensor,ac,4,1024,768,1.3719547427697284e-11,1.3054300110627827e-09,1.0,experiments/l40s/results/loop-sweep/full_qualification-naive_loop-tensor-r064-t16-none.json
naive_loop,,16,torch,none,4,1024,768,0.0,0.0,1.0,experiments/l40s/results/loop-sweep/full_qualification-naive_loop-torch-r064-t16-none.json
naive_loop,,16,torch,ac,4,1024,768,0.0,0.0,1.0,experiments/l40s/results/loop-sweep/full_qualification-naive_loop-torch-r064-t16-none.json
stacked,,16,tensor,none,4,1024,768,0.0,0.0,1.0,experiments/l40s/results/loop-sweep/full_qualification-stacked-tensor-r064-t16-none.json
stacked,,16,tensor,ac,4,1024,768,1.0803025802130017e-11,8.320387763085437e-10,1.0,experiments/l40s/results/loop-sweep/full_qualification-stacked-tensor-r064-t16-none.json
stacked,,16,torch,none,4,1024,768,0.0,0.0,1.0,experiments/l40s/results/loop-sweep/full_qualification-stacked-torch-r064-t16-none.json
stacked,,16,torch,ac,4,1024,768,0.0,0.0,1.0,experiments/l40s/results/loop-sweep/full_qualification-stacked-torch-r064-t16-none.json
