phase,model,backend,loops,status,failed_stage,parameter_count,effective_depth,unique_layers,prompt_eager_gpu_ms,prompt_eager_peak_gib,prompt_eager_wall_ms,prompt_graph_gpu_ms,prompt_graph_peak_gib,prompt_graph_reserved_gib,startup_eager_gpu_ms,startup_eager_peak_gib,startup_eager_wall_ms,startup_graph_gpu_ms,startup_graph_peak_gib,startup_graph_reserved_gib,decode_eager_gpu_ms,decode_eager_peak_gib,decode_eager_wall_ms,decode_graph_gpu_ms,decode_graph_peak_gib,decode_graph_reserved_gib,cache_mib,prepared_weight_mib,training_eager_gpu_ms,training_eager_peak_gib,training_eager_wall_ms,training_graph_gpu_ms,training_graph_peak_gib,training_graph_reserved_gib
inference,fixed_depth,tensor,1,passed,,162988800,12,12,12.591103553771973,0.9722318649291992,12.612798996997299,7.818186442057292,0.9722318649291992,1.166015625,14.310400009155273,1.1426773071289062,14.333510000142269,8.22647476196289,1.1426773071289062,1.607421875,12.0698881149292,1.002490520477295,12.095067999325693,0.9758719603220621,1.002490520477295,1.216796875,144.1409912109375,235.6875,,,,,,
inference,fixed_depth,tensor,2,passed,,247923456,12,12,14.430208206176758,1.5200834274291992,14.455728000029922,13.547178904215494,1.5197172164916992,1.822265625,14.925824165344238,1.6489896774291992,14.953770998545224,13.962581634521484,1.6486234664916992,2.111328125,12.464032173156738,1.479663372039795,12.48632300121244,1.2673707008361816,1.479663372039795,1.732421875,144.1409912109375,397.6875,,,,,,
inference,fixed_depth,tensor,3,passed,,332858112,12,12,20.521984100341797,2.048586845397949,20.55065700187697,19.71404774983724,2.048586845397949,2.494140625,20.989952087402344,2.177493095397949,21.022598000854487,20.013397216796875,2.177493095397949,2.740234375,12.766207695007324,1.938220500946045,12.788331998308422,1.57149871190389,1.938220500946045,2.279296875,144.1409912109375,559.6875,,,,,,
inference,fixed_depth,tensor,4,passed,,417792768,12,12,24.829952239990234,2.604617118835449,24.85994200105779,23.856468200683594,2.604617118835449,3.216796875,25.29782485961914,2.733523368835449,25.324783997348277,24.22783915201823,2.733523368835449,3.451171875,12.401663780212402,2.423938274383545,12.428193997038761,1.8298560778299968,2.423938274383545,2.849609375,144.1409912109375,721.6875,,,,,,
inference,fixed_depth,tensor,5,passed,,502727424,12,12,30.16396713256836,3.161257743835449,30.20114099854254,29.202433268229168,3.161257743835449,3.9375,30.69331169128418,3.290163993835449,30.72876499936683,29.597012837727863,3.290163993835449,3.90234375,12.75596809387207,2.910266399383545,12.778364998666802,2.107733408610026,2.910266399383545,3.32421875,144.1409912109375,883.6875,,,,,,
inference,fixed_depth,tensor,6,passed,,587662080,12,12,35.334144592285156,3.690310478210449,35.36914999858709,34.412523905436196,3.688845634460449,4.4609375,35.76326370239258,3.819949150085449,35.80559100373648,34.86105600992838,3.817751884460449,4.6171875,12.421119689941406,3.368262767791748,12.442022001778241,2.39138126373291,3.368262767791748,3.93359375,144.1409912109375,1045.6875,,,,,,
inference,fixed_depth,tensor,7,passed,,672596736,12,12,40.822784423828125,4.230715751647949,40.85480800131336,40.00733947753906,4.229983329772949,5.099609375,41.30915069580078,4.358889579772949,41.337966998980846,40.44282786051432,4.358889579772949,5.298828125,12.436479568481445,3.8391594886779785,12.458718003472313,2.675370534261068,3.8391594886779785,4.509765625,144.1409912109375,1207.6875,,,,,,
inference,fixed_depth,tensor,8,passed,,757531392,12,12,46.17830276489258,4.785891532897949,46.21076500188792,45.49427286783854,4.785891532897949,5.78515625,46.62374496459961,4.914797782897949,46.656625003379304,46.14656066894531,4.914797782897949,6.04296875,12.989439964294434,4.324097156524658,13.016559001698624,2.9661865234375,4.324097156524658,5.1484375,144.1409912109375,1369.6875,,,,,,
inference,fixed_depth,tensor,9,passed,,842466048,12,12,51.309566497802734,5.342654228210449,51.34147200442385,51.04810587565104,5.342654228210449,6.47265625,51.917823791503906,5.471560478210449,51.948117004940286,51.627349853515625,5.471560478210449,6.7421875,12.810079574584961,4.8106160163879395,12.832109001465142,3.251200040181478,4.8106160163879395,5.7421875,144.1409912109375,1531.6875,,,,,,
inference,fixed_depth,tensor,10,passed,,927400704,12,12,60.093441009521484,5.870730400085449,60.12520100193797,60.067840576171875,5.870730400085449,7.158203125,60.42931365966797,6.000185966491699,60.46200900163967,60.61534118652344,5.999636650085449,7.462890625,12.684288024902344,5.268991947174072,12.70521999686025,3.530751864115397,5.268991947174072,6.357421875,144.1409912109375,1693.6875,,,,,,
inference,fixed_depth,tensor,11,passed,,1012335360,12,12,68.48102569580078,6.407595634460449,68.51869400270516,67.51573181152344,6.407595634460449,7.796875,68.40013122558594,6.536501884460449,68.43437100178562,67.89051818847656,6.536501884460449,8.1484375,12.04736042022705,5.735069751739502,12.069140997482464,4.355754534403483,5.735069751739502,6.9375,144.1409912109375,1855.6875,,,,,,
inference,fixed_depth,tensor,12,passed,,1097270016,12,12,72.93036651611328,6.964358329772949,72.96194199443562,74.00174967447917,6.964358329772949,8.484375,74.55744171142578,7.093264579772949,74.58736099943053,75.33977762858073,7.093264579772949,8.859375,12.454912185668945,6.221588611602783,12.476957999751903,4.111989339192708,6.221588611602783,7.54296875,144.1409912109375,2017.6875,,,,,,
inference,fixed_depth,tensor,13,passed,,1182204672,12,12,87.49465942382812,7.520998954772949,87.52557400293881,86.8491923014323,7.520998954772949,9.169921875,87.96672058105469,7.649905204772949,87.99897599965334,86.70821126302083,7.649905204772949,9.134765625,12.677087783813477,6.7079854011535645,12.698418999207206,4.400810559590657,6.7079854011535645,7.712890625,144.1409912109375,2179.6875,,,,,,
inference,fixed_depth,tensor,14,passed,,1267139328,12,12,124.35968017578125,8.05029582977295,124.3912249992718,123.55140177408855,8.05029582977295,9.857421875,124.85734558105469,8.18213176727295,124.89184699370526,123.95822143554688,8.17920207977295,9.822265625,12.984319686889648,7.167765140533447,13.01116499962518,4.690261205037435,7.167765140533447,8.294921875,144.1409912109375,2341.6875,,,,,,
inference,fixed_depth,tensor,15,passed,,1352073984,12,12,143.26681518554688,8.58899211883545,143.30236700334353,142.41791788736978,8.58899211883545,10.49609375,143.56991577148438,8.71789836883545,143.60298699466512,142.93264770507812,8.71789836883545,10.484375,12.58291244506836,7.635490894317627,12.608213000930846,6.592170715332031,7.635490894317627,8.8515625,144.1409912109375,2503.6875,,,,,,
inference,fixed_depth,tensor,16,passed,,1437008640,12,12,155.7084197998047,9.14490032196045,155.74516500055324,154.3648885091146,9.14490032196045,11.181640625,155.5650634765625,9.27380657196045,155.59802999632666,154.78374226888022,9.27380657196045,11.158203125,13.024255752563477,8.121155261993408,13.047635002294555,9.558005650838217,8.121155261993408,9.421875,144.1409912109375,2665.6875,,,,,,
inference,fixed_depth,torch,1,passed,,162988800,12,12,7.303167819976807,0.9808988571166992,7.324794998567086,6.8853759765625,0.9888334274291992,1.216796875,7.799808025360107,1.1513328552246094,7.821964998584008,7.289173126220703,1.1592674255371094,1.634765625,5.864448070526123,1.011146068572998,5.883860001631547,1.3305173714955647,1.019080638885498,1.248046875,144.140625,235.6875,,,,,,
inference,fixed_depth,torch,2,passed,,247923456,12,12,11.940863609313965,1.5276517868041992,11.966912003117613,11.497812906901041,1.5348539352416992,1.884765625,12.463104248046875,1.6565580368041992,12.489182998251636,11.943253835042318,1.6637601852416992,2.107421875,5.912576198577881,1.4875807762145996,5.934549000812694,1.5916159947713215,1.4955153465270996,1.712890625,144.140625,397.6875,,,,,,
inference,fixed_depth,torch,3,passed,,332858112,12,12,17.220544815063477,2.056887626647949,17.247700998268556,16.703829447428387,2.064822196960449,2.544921875,17.64044761657715,2.185793876647949,17.66991899785353,17.164608001708984,2.193728446960449,2.720703125,6.009856224060059,1.946509838104248,6.033369998476701,1.8257919947306316,1.954444408416748,2.244140625,144.140625,559.6875,,,,,,
inference,fixed_depth,torch,4,passed,,417792768,12,12,21.857152938842773,2.613406181335449,21.88946300157113,21.441195170084637,2.620974540710449,3.267578125,22.336511611938477,2.742312431335449,22.375623000698397,21.86717987060547,2.749880790710449,3.373046875,6.0497918128967285,2.432349681854248,6.071251998946536,2.0329813957214355,2.440284252166748,2.884765625,144.140625,721.6875,,,,,,
inference,fixed_depth,torch,5,passed,,502727424,12,12,26.462207794189453,3.169924736022949,26.48920600040583,26.139307657877605,3.177859306335449,3.98828125,26.901504516601562,3.298830986022949,26.9316970006912,26.47173309326172,3.306765556335449,3.96484375,6.124544143676758,2.918921947479248,6.148019998363452,2.340522607167562,2.926856517791748,3.37109375,144.140625,883.6875,,,,,,
inference,fixed_depth,torch,6,passed,,587662080,12,12,31.084543228149414,3.700930595397949,31.117231999814976,30.978047688802082,3.706667900085449,4.51171875,31.61497688293457,3.829836845397949,31.646216004446615,31.327189127604168,3.835574150085449,4.66796875,6.142975807189941,3.378139019012451,6.163675003335811,2.5774079958597818,3.386073589324951,3.96875,144.140625,1045.6875,,,,,,
inference,fixed_depth,torch,7,passed,,672596736,12,12,35.716094970703125,4.239382743835449,35.7486790016992,35.45770772298177,4.247317314147949,5.150390625,36.187137603759766,4.368288993835449,36.21805900183972,35.91202036539713,4.376223564147949,5.361328125,6.095776081085205,3.84782075881958,6.132921997050289,2.8392105102539062,3.85575532913208,4.556640625,144.140625,1207.6875,,,,,,
inference,fixed_depth,torch,8,passed,,757531392,12,12,40.63129425048828,4.794924736022949,40.66001599858282,40.48656972249349,4.802859306335449,5.8359375,41.32249450683594,4.923830986022949,41.356303001521155,40.883199055989586,4.931765556335449,6.08203125,6.096896171569824,4.333118915557861,6.118370998592582,3.104426701863607,4.341053485870361,5.171875,144.140625,1369.6875,,,,,,
inference,fixed_depth,torch,9,passed,,842466048,12,12,45.38572692871094,5.350588798522949,45.41911900014384,45.54752095540365,5.358523368835449,6.5234375,46.18751907348633,5.479495048522949,46.21999800292542,45.98681640625,5.487429618835449,6.81640625,6.207520008087158,4.818539142608643,6.244389995117672,3.3576958974202475,4.826473712921143,5.80078125,144.140625,1531.6875,,,,,,
inference,fixed_depth,torch,10,passed,,927400704,12,12,52.209632873535156,5.879519462585449,52.24053100391757,52.480682373046875,5.887454032897949,7.208984375,52.90803146362305,6.008975028991699,52.940039000532124,53.44256083170573,6.016360282897949,7.505859375,5.932032108306885,5.277225971221924,5.952690000412986,3.598677317301432,5.285160541534424,6.384765625,144.140625,1693.6875,,,,,,
inference,fixed_depth,torch,11,passed,,1012335360,12,12,57.55187225341797,6.416262626647949,57.58247800258687,58.59976704915365,6.424197196960449,7.84765625,58.47244644165039,6.545168876647949,58.5023449966684,58.5181884765625,6.553103446960449,7.8359375,6.13478422164917,5.743725299835205,6.15731900325045,4.316501299540202,5.751659870147705,6.609375,144.140625,1855.6875,,,,,,
inference,fixed_depth,torch,12,passed,,1097270016,12,12,62.54182434082031,6.973025321960449,62.57146799907787,63.18011983235677,6.980959892272949,8.53515625,62.80806350708008,7.101931571960449,62.85382399801165,63.391743977864586,7.109866142272949,8.51171875,6.2566399574279785,6.230244159698486,6.277234002482146,4.081664085388184,6.238178730010986,7.1796875,144.140625,2017.6875,,,,,,
inference,fixed_depth,torch,13,passed,,1182204672,12,12,67.07801818847656,7.529665946960449,67.10887400549836,67.99598693847656,7.537600517272949,9.220703125,67.93926239013672,7.658572196960449,67.9712390046916,68.61856079101562,7.666506767272949,9.208984375,6.3897600173950195,6.716640949249268,6.426219995773863,4.314794540405273,6.724575519561768,7.771484375,144.140625,2179.6875,,,,,,
inference,fixed_depth,torch,14,passed,,1267139328,12,12,73.7432632446289,8.05798625946045,73.77544199698605,75.26024373372395,8.06518840789795,9.908203125,75.47379302978516,8.18908977508545,75.50508499844,76.77571105957031,8.19409465789795,9.857421875,6.222847938537598,7.173985004425049,6.24377399799414,4.557482719421387,7.181919574737549,8.314453125,144.140625,2341.6875,,,,,,
inference,fixed_depth,torch,15,passed,,1352073984,12,12,79.56377410888672,8.59765911102295,79.60196000203723,81.61928304036458,8.60559368133545,10.546875,80.89497375488281,8.72656536102295,80.9403140010545,82.26025390625,8.73449993133545,10.53515625,6.228831768035889,7.64414644241333,6.251803999475669,4.804266611735026,7.65208101272583,8.88671875,144.140625,2503.6875,,,,,,
inference,fixed_depth,torch,16,passed,,1437008640,12,12,82.661376953125,9.15320110321045,82.69250000012107,83.55771891276042,9.16113567352295,11.232421875,83.03001403808594,9.28210735321045,83.06023099430604,84.06357320149739,9.29004192352295,11.220703125,6.096896171569824,8.129444599151611,6.117652003013063,5.039786656697591,8.137379169464111,9.466796875,144.140625,2665.6875,,,,,,
inference,llt,tensor,1,passed,,150061824,12,12,12.6310396194458,0.8825407028198242,12.65359000171884,6.8573869069417315,0.8683834075927734,1.107421875,15.3057279586792,0.8825407028198242,15.326666998589644,7.15229860941569,0.8683834075927734,1.119140625,9.127936363220215,0.7837343215942383,9.148608001851244,0.6782293319702148,0.7837343215942383,0.955078125,0.500518798828125,184.03125,,,,,,
inference,llt,tensor,2,passed,,150061824,24,12,20.814847946166992,0.8825407028198242,20.840176999627147,13.104426066080729,0.8683834075927734,1.107421875,23.723007202148438,0.8825407028198242,23.746234001009725,13.411328633626303,0.8683834075927734,1.119140625,16.728063583374023,0.7837343215942383,16.74882100269315,1.18340269724528,0.7837343215942383,0.955078125,0.500518798828125,184.03125,,,,,,
inference,llt,tensor,3,passed,,150061824,36,12,30.072832107543945,0.8825407028198242,30.09398699941812,19.391146341959637,0.8683834075927734,1.107421875,33.38240051269531,0.8825407028198242,33.40503599974909,19.690155029296875,0.8683834075927734,1.119140625,25.848831176757812,0.7837343215942383,25.870905999909155,1.6878399848937988,0.7837343215942383,0.955078125,0.500518798828125,184.03125,,,,,,
inference,llt,tensor,4,passed,,150061824,48,12,39.43833541870117,0.8825407028198242,39.459785002691206,25.653589884440105,0.8683834075927734,1.107421875,42.866783142089844,0.8825407028198242,42.900394000753295,25.9617919921875,0.8683834075927734,1.119140625,33.525726318359375,0.7837343215942383,33.54601799946977,2.1910187403361,0.7837343215942383,0.955078125,0.500518798828125,184.03125,,,,,,
inference,llt,tensor,5,passed,,150061824,60,12,47.303680419921875,0.8825407028198242,47.325255000032485,31.940266927083332,0.8683834075927734,1.107421875,51.137535095214844,0.8825407028198242,51.16091599848005,32.216715494791664,0.8683834075927734,1.119140625,41.50681686401367,0.7837343215942383,41.533379997417796,2.6968746185302734,0.7837343215942383,0.955078125,0.500518798828125,184.03125,,,,,,
inference,llt,tensor,6,passed,,150061824,72,12,55.744384765625,0.8825407028198242,55.765925000741845,38.23616027832031,0.8683834075927734,1.107421875,58.95475387573242,0.8825407028198242,58.97709900091286,38.528340657552086,0.8683834075927734,1.119140625,48.330753326416016,0.7837343215942383,48.35222800102201,3.2000001271565757,0.7837343215942383,0.955078125,0.500518798828125,184.03125,,,,,,
inference,llt,tensor,7,passed,,150061824,84,12,65.27385711669922,0.8825407028198242,65.29961100022774,44.490071614583336,0.8683834075927734,1.107421875,69.5869140625,0.8825407028198242,69.60912200156599,44.81672668457031,0.8683834075927734,1.119140625,57.73926544189453,0.7837343215942383,57.760701994993724,3.7044906616210938,0.7837343215942383,0.955078125,0.500518798828125,184.03125,,,,,,
inference,llt,tensor,8,passed,,150061824,96,12,75.11039733886719,0.8825407028198242,75.15422599681187,50.6999257405599,0.8683834075927734,1.107421875,77.80044555664062,0.8825407028198242,77.82151799619896,51.05151875813802,0.8683834075927734,1.119140625,65.3803482055664,0.7837343215942383,65.40390299778664,4.208298683166504,0.7837343215942383,0.955078125,0.500518798828125,184.03125,,,,,,
inference,llt,tensor,9,passed,,150061824,108,12,83.71302032470703,0.8825407028198242,83.73661699442891,57.04772440592448,0.8683834075927734,1.107421875,87.57965087890625,0.8825407028198242,87.60234600049444,57.34809366861979,0.8683834075927734,1.119140625,74.58918762207031,0.7837343215942383,74.61174800118897,4.71449597676595,0.7837343215942383,0.955078125,0.500518798828125,184.03125,,,,,,
inference,llt,tensor,10,passed,,150061824,120,12,92.28697967529297,0.8825407028198242,92.30899200338172,63.71430460611979,0.8683834075927734,1.107421875,96.0810546875,0.8825407028198242,96.10263600188773,64.02760314941406,0.8683834075927734,1.119140625,83.37100982666016,0.7837343215942383,83.39305799745489,5.225130716959636,0.7837343215942383,0.955078125,0.500518798828125,184.03125,,,,,,
inference,llt,tensor,11,passed,,150061824,132,12,101.0031967163086,0.8825407028198242,101.03445400454802,71.82916259765625,0.8683834075927734,1.107421875,104.78399658203125,0.8825407028198242,104.81432999949902,72.33770751953125,0.8683834075927734,1.119140625,91.09606170654297,0.7837343215942383,91.11809600290144,5.747029622395833,0.7837343215942383,0.955078125,0.500518798828125,184.03125,,,,,,
inference,llt,tensor,12,passed,,150061824,144,12,108.92070770263672,0.8825407028198242,108.94412299967371,78.09058125813802,0.8683834075927734,1.107421875,110.24486541748047,0.8825407028198242,110.2682319979067,78.30050150553386,0.8683834075927734,1.119140625,98.2446060180664,0.7837343215942383,98.26711400091881,6.2361602783203125,0.7837343215942383,0.955078125,0.500518798828125,184.03125,,,,,,
inference,llt,tensor,13,passed,,150061824,156,12,117.83679962158203,0.8825407028198242,117.85923300340073,85.0674336751302,0.8683834075927734,1.107421875,120.03228759765625,0.8825407028198242,120.05693699757103,85.56031290690105,0.8683834075927734,1.119140625,108.70579528808594,0.7837343215942383,108.74683899601223,6.75703493754069,0.7837343215942383,0.955078125,0.500518798828125,184.03125,,,,,,
inference,llt,tensor,14,passed,,150061824,168,12,125.11846160888672,0.8825407028198242,125.14056199870538,92.62318929036458,0.8683834075927734,1.107421875,128.82432556152344,0.8825407028198242,128.85103200096637,92.45968627929688,0.8683834075927734,1.119140625,112.80989074707031,0.7837343215942383,112.83193400595337,7.264597574869792,0.7837343215942383,0.955078125,0.500518798828125,184.03125,,,,,,
inference,llt,tensor,15,passed,,150061824,180,12,136.65895080566406,0.8825407028198242,136.68175299972063,96.29286702473958,0.8683834075927734,1.107421875,139.29779052734375,0.8825407028198242,139.3210509995697,96.65774536132812,0.8683834075927734,1.119140625,122.33113861083984,0.7837343215942383,122.35463799879653,7.757792154947917,0.7837343215942383,0.955078125,0.500518798828125,184.03125,,,,,,
inference,llt,tensor,16,passed,,150061824,192,12,146.4954833984375,0.8825407028198242,146.51950300321914,101.79990641276042,0.8683834075927734,1.107421875,148.82406616210938,0.8825407028198242,148.84701000119094,102.04672241210938,0.8683834075927734,1.119140625,131.3423309326172,0.7837343215942383,131.3715130017954,8.255488077799479,0.7837343215942383,0.955078125,0.500518798828125,184.03125,,,,,,
inference,llt,torch,1,passed,,150061824,12,12,8.1909761428833,0.8874235153198242,8.214442001190037,6.14361572265625,0.8819332122802734,1.126953125,8.668160438537598,0.8880338668823242,8.692153998708818,6.4945494333903,0.8825435638427734,1.13671875,4.773888111114502,0.7892265319824219,4.794117998244474,1.001792033513387,0.7971611022949219,0.97265625,0.50048828125,181.78125,,,,,,
inference,llt,torch,2,passed,,150061824,24,12,13.96940803527832,0.8874235153198242,14.007096000568708,11.785898844401041,0.8819332122802734,1.150390625,14.321663856506348,0.8880338668823242,14.344925999466795,12.12072499593099,0.8825435638427734,1.13671875,9.02451229095459,0.7892265319824219,9.04544100194471,1.8565120697021484,0.7971611022949219,0.97265625,0.50048828125,181.78125,,,,,,
inference,llt,torch,3,passed,,150061824,36,12,19.85638427734375,0.8874235153198242,19.882544002030045,17.438378651936848,0.8819332122802734,1.150390625,20.145151138305664,0.8880338668823242,20.18069999758154,17.775615692138672,0.8825435638427734,1.13671875,12.80835247039795,0.7892265319824219,12.832545999117428,2.7125654220581055,0.7971611022949219,0.97265625,0.50048828125,181.78125,,,,,,
inference,llt,torch,4,passed,,150061824,48,12,25.825279235839844,0.8874235153198242,25.851481001154752,23.10553487141927,0.8819332122802734,1.150390625,26.12531280517578,0.8880338668823242,26.153075999900466,23.40044911702474,0.8825435638427734,1.13671875,17.266687393188477,0.7892265319824219,17.28823100347654,3.5669333140055337,0.7971611022949219,0.97265625,0.50048828125,181.78125,,,,,,
inference,llt,torch,5,passed,,150061824,60,12,31.547391891479492,0.8874235153198242,31.57331699912902,28.719444274902344,0.8819332122802734,1.150390625,31.894527435302734,0.8880338668823242,31.925684997986536,29.091158548990887,0.8825435638427734,1.13671875,21.373952865600586,0.7892265319824219,21.395908999693347,4.418560028076172,0.7971611022949219,0.97265625,0.50048828125,181.78125,,,,,,
inference,llt,torch,6,passed,,150061824,72,12,37.39238357543945,0.8874235153198242,37.42038799828151,34.400596618652344,0.8819332122802734,1.150390625,37.74156951904297,0.8880338668823242,37.77889699995285,34.73100789388021,0.8825435638427734,1.13671875,25.73619270324707,0.7892265319824219,25.757354000234045,5.273941357930501,0.7971611022949219,0.97265625,0.50048828125,181.78125,,,,,,
inference,llt,torch,7,passed,,150061824,84,12,43.2723503112793,0.8874235153198242,43.30002600181615,40.11929575602213,0.8819332122802734,1.150390625,43.62956619262695,0.8880338668823242,43.65665499790339,40.41967010498047,0.8825435638427734,1.13671875,29.94278335571289,0.7892265319824219,29.964617002406158,6.1265920003255205,0.7971611022949219,0.97265625,0.50048828125,181.78125,,,,,,
inference,llt,torch,8,passed,,150061824,96,12,49.18678283691406,0.8874235153198242,49.21714800002519,45.67889912923177,0.8819332122802734,1.150390625,49.503231048583984,0.8880338668823242,49.53364600078203,46.09636433919271,0.8825435638427734,1.13671875,33.38947296142578,0.7892265319824219,33.410602001822554,6.981632232666016,0.7971611022949219,0.97265625,0.50048828125,181.78125,,,,,,
inference,llt,torch,9,passed,,150061824,108,12,55.07072067260742,0.8874235153198242,55.09678099770099,51.46930948893229,0.8819332122802734,1.150390625,55.356414794921875,0.8880338668823242,55.38697400334058,51.67684427897135,0.8825435638427734,1.13671875,37.7468147277832,0.7892265319824219,37.76788899995154,7.836330413818359,0.7971611022949219,0.97265625,0.50048828125,181.78125,,,,,,
inference,llt,torch,10,passed,,150061824,120,12,61.84751892089844,0.8874235153198242,61.8931729986798,58.064554850260414,0.8819332122802734,1.150390625,62.18854522705078,0.8880338668823242,62.21893399924738,58.47859191894531,0.8825435638427734,1.13671875,44.431358337402344,0.7892265319824219,44.45359700184781,8.699904123942057,0.7971611022949219,0.97265625,0.50048828125,181.78125,,,,,,
inference,llt,torch,11,passed,,150061824,132,12,68.59161376953125,0.8874235153198242,68.61669500358403,64.72294616699219,0.8819332122802734,1.150390625,69.0851821899414,0.8880338668823242,69.11338699865155,65.18715922037761,0.8825435638427734,1.13671875,45.630462646484375,0.7892265319824219,45.65163899678737,9.575765609741211,0.7971611022949219,0.97265625,0.50048828125,181.78125,,,,,,
inference,llt,torch,12,passed,,150061824,144,12,73.43206024169922,0.8874235153198242,73.46120299916947,69.2282002766927,0.8819332122802734,1.150390625,73.4576644897461,0.8880338668823242,73.49076200625859,69.35341898600261,0.8825435638427734,1.13671875,50.83340835571289,0.7892265319824219,50.855426998168696,10.41100819905599,0.7971611022949219,0.97265625,0.50048828125,181.78125,,,,,,
inference,llt,torch,13,passed,,150061824,156,12,79.20425415039062,0.8874235153198242,79.23359100095695,74.85303243001302,0.8819332122802734,1.150390625,79.39788818359375,0.8880338668823242,79.42972500313772,75.28550211588542,0.8825435638427734,1.13671875,54.64780807495117,0.7892265319824219,54.668666001816746,11.264277140299479,0.7971611022949219,0.97265625,0.50048828125,181.78125,,,,,,
inference,llt,torch,14,passed,,150061824,168,12,85.07801818847656,0.8874235153198242,85.11041100427974,80.44031778971355,0.8819332122802734,1.150390625,85.08911895751953,0.8880338668823242,85.119269999268,80.55227661132812,0.8825435638427734,1.13671875,59.4257926940918,0.7892265319824219,59.44964499940397,12.118016560872396,0.7971611022949219,0.97265625,0.50048828125,181.78125,,,,,,
inference,llt,torch,15,passed,,150061824,180,12,91.15135955810547,0.8874235153198242,91.18446300271899,86.21328735351562,0.8819332122802734,1.150390625,91.26697540283203,0.8880338668823242,91.30239200021606,86.63448079427083,0.8825435638427734,1.13671875,64.88371276855469,0.7892265319824219,64.90870400011772,12.971349080403646,0.7971611022949219,0.97265625,0.50048828125,181.78125,,,,,,
inference,llt,torch,16,passed,,150061824,192,12,97.65990447998047,0.8874235153198242,97.71604799607303,92.73753865559895,0.8819332122802734,1.150390625,98.06028747558594,0.8880338668823242,98.08997700019972,93.08296712239583,0.8825435638427734,1.13671875,68.80867004394531,0.7892265319824219,68.83002500399016,13.831509908040365,0.7971611022949219,0.97265625,0.50048828125,181.78125,,,,,,
inference,naive_loop,tensor,1,passed,,162988800,12,12,12.748800277709961,0.9722318649291992,12.77105000190204,7.810730616251628,0.9722318649291992,1.166015625,14.600192070007324,1.1426773071289062,14.622822000092128,8.218965530395508,1.1426773071289062,1.607421875,12.362751960754395,1.002490520477295,12.384099998598685,0.9758719603220621,1.002490520477295,1.216796875,144.1409912109375,235.6875,,,,,,
inference,naive_loop,tensor,2,passed,,162988800,24,12,24.555519104003906,0.9722318649291992,24.577337000664556,15.381844838460287,0.9722318649291992,1.166015625,27.51590347290039,1.4240760803222656,27.537807000044268,16.219136555989582,1.4240760803222656,2.318359375,23.91756820678711,1.1432642936706543,23.940491999383084,1.7865386009216309,1.1432642936706543,1.513671875,288.281982421875,235.6875,,,,,,
inference,naive_loop,tensor,3,passed,,162988800,36,12,35.75593566894531,0.9722318649291992,35.78312999889022,22.923604329427082,0.9722318649291992,1.166015625,41.04191970825195,1.705474853515625,41.065803001401946,24.217600504557293,1.705474853515625,2.990234375,34.488319396972656,1.2840380668640137,34.50973000144586,2.596522649129232,1.2840380668640137,1.810546875,432.4229736328125,235.6875,,,,,,
inference,naive_loop,tensor,4,passed,,162988800,48,12,48.866302490234375,0.9722318649291992,48.93521999838413,30.557525634765625,0.9722318649291992,1.166015625,55.28166580200195,1.9868736267089844,55.306968999502715,32.294230143229164,1.9868736267089844,3.662109375,47.11628723144531,1.424811840057373,47.14143100136425,3.4058240254720054,1.424811840057373,2.107421875,576.56396484375,235.6875,,,,,,
inference,naive_loop,tensor,5,passed,,162988800,60,12,60.655616760253906,0.9722318649291992,60.67924099988886,38.05286407470703,0.9722318649291992,1.166015625,67.13343811035156,2.2682723999023438,67.15577000068151,40.223060607910156,2.2682723999023438,4.333984375,58.5984001159668,1.5655856132507324,58.62043199886102,4.214783986409505,1.5655856132507324,2.404296875,720.7049560546875,235.6875,,,,,,
inference,naive_loop,tensor,6,passed,,162988800,72,12,74.1119384765625,0.9722318649291992,74.13490600083605,45.64000956217448,0.9722318649291992,1.166015625,84.04390716552734,2.549671173095703,84.06671400007326,48.29593404134115,2.549671173095703,5.005859375,70.78604888916016,1.7063593864440918,70.80809000035515,5.02510929107666,1.7063593864440918,2.701171875,864.845947265625,235.6875,,,,,,
inference,naive_loop,tensor,7,passed,,162988800,84,12,86.26278686523438,0.9722318649291992,86.29351500712801,53.21557108561198,0.9722318649291992,1.166015625,97.47952270507812,2.8310699462890625,97.50415999587858,56.329854329427086,2.8310699462890625,5.677734375,82.69107055664062,1.8471331596374512,82.71352999872761,5.8360856374104815,1.8471331596374512,2.998046875,1008.9869384765625,235.6875,,,,,,
inference,naive_loop,tensor,8,passed,,162988800,96,12,99.57478332519531,0.9722318649291992,99.59798899944872,60.82798767089844,0.9722318649291992,1.166015625,111.53612518310547,3.112468719482422,111.55765300645726,64.26282755533855,3.112468719482422,6.349609375,95.92524719238281,1.9879069328308105,95.94888900028309,6.645386377970378,1.9879069328308105,3.294921875,1153.1279296875,235.6875,,,,,,
inference,naive_loop,tensor,9,passed,,162988800,108,12,110.40870666503906,0.9722318649291992,110.43191300268518,68.38134256998698,0.9722318649291992,1.166015625,125.2679672241211,3.3938674926757812,125.29183099832153,72.47701517740886,3.3938674926757812,7.021484375,107.32953643798828,2.12868070602417,107.3544389946619,7.454378763834636,2.12868070602417,3.591796875,1297.2689208984375,235.6875,,,,,,
inference,naive_loop,tensor,10,passed,,162988800,120,12,123.9521255493164,0.9722318649291992,123.97423999937018,76.43340555826823,0.9722318649291992,1.166015625,138.8738250732422,3.6752662658691406,138.89945999835618,80.6857401529948,3.6752662658691406,7.693359375,118.8853759765625,2.2694544792175293,118.90661399957025,8.270506540934244,2.2694544792175293,3.888671875,1441.409912109375,235.6875,,,,,,
inference,naive_loop,tensor,11,passed,,162988800,132,12,136.32920837402344,0.9722318649291992,136.35537499794737,83.67615763346355,0.9722318649291992,1.166015625,153.32762145996094,3.9566650390625,153.35189400502713,88.59408569335938,3.9566650390625,8.365234375,129.808349609375,2.4102282524108887,129.83165399782592,9.076053619384766,2.4102282524108887,4.185546875,1585.5509033203125,235.6875,,,,,,
inference,naive_loop,tensor,12,passed,,162988800,144,12,145.69676208496094,0.9722318649291992,145.72639900143258,93.11641438802083,0.9722318649291992,1.166015625,162.70233154296875,4.238063812255859,162.7277209991007,97.75271606445312,4.238063812255859,9.037109375,141.83116149902344,2.551002025604248,141.8559779995121,9.901397069295248,2.551002025604248,4.482421875,1729.69189453125,235.6875,,,,,,
inference,naive_loop,tensor,13,passed,,162988800,156,12,157.47686767578125,0.9722318649291992,157.5004420010373,99.10476684570312,0.9722318649291992,1.166015625,177.21139526367188,4.519462585449219,177.23411000042688,104.9886474609375,4.519462585449219,9.708984375,151.583740234375,2.6917757987976074,151.607633997628,10.69533920288086,2.6917757987976074,4.779296875,1873.8328857421875,235.6875,,,,,,
inference,naive_loop,tensor,14,passed,,162988800,168,12,170.6076202392578,0.9722318649291992,170.63218299881555,105.59829711914062,0.9722318649291992,1.166015625,192.31759643554688,4.800861358642578,192.3430289971293,111.89999389648438,4.800861358642578,10.380859375,164.33673095703125,2.832549571990967,164.36188200168544,11.511466979980469,2.832549571990967,5.076171875,2017.973876953125,235.6875,,,,,,
inference,naive_loop,tensor,15,passed,,162988800,180,12,177.98655700683594,0.9722318649291992,178.02629100333434,115.41163126627605,0.9722318649291992,1.166015625,202.06898498535156,5.0822601318359375,202.09321100264788,121.7228291829427,5.0822601318359375,11.052734375,175.58425903320312,2.973323345184326,175.6084689986892,12.338858286539713,2.973323345184326,5.373046875,2162.1148681640625,235.6875,,,,,,
inference,naive_loop,tensor,16,passed,,162988800,192,12,193.17453002929688,0.9722318649291992,193.19767999695614,122.16797892252605,0.9722318649291992,1.166015625,219.67257690429688,5.363658905029297,219.69931999774417,129.25234985351562,5.363658905029297,11.724609375,185.31942749023438,3.1140971183776855,185.3429800030426,13.1321169535319,3.1140971183776855,5.669921875,2306.255859375,235.6875,,,,,,
inference,naive_loop,torch,1,passed,,162988800,12,12,7.293824195861816,0.9808988571166992,7.318061001569731,6.873088200887044,0.9888334274291992,1.216796875,7.761919975280762,1.1513328552246094,7.784611996612512,7.286741256713867,1.1592674255371094,1.634765625,5.958655834197998,1.011146068572998,5.979370002023643,1.3301760355631511,1.019080638885498,1.248046875,144.140625,235.6875,,,,,,
inference,naive_loop,torch,2,passed,,162988800,24,12,14.18943977355957,0.9808988571166992,14.213403999747243,13.551615397135416,0.9888334274291992,1.216796875,15.265791893005371,1.4327201843261719,15.289078997739125,14.406997680664062,1.4406547546386719,2.341796875,11.55174446105957,1.1519083976745605,11.573112999030855,2.5265493392944336,1.1598429679870605,1.544921875,288.28125,235.6875,,,,,,
inference,naive_loop,torch,3,passed,,162988800,36,12,21.132320404052734,0.9808988571166992,21.157079998374684,20.291243235270183,0.9888334274291992,1.216796875,22.591455459594727,1.7141075134277344,22.632683998381253,21.503275553385418,1.7220420837402344,3.013671875,17.28223991394043,1.292670726776123,17.303939999692375,3.724586804707845,1.300605297088623,1.841796875,432.421875,235.6875,,,,,,
inference,naive_loop,torch,4,passed,,162988800,48,12,27.99616050720215,0.9808988571166992,28.022296999552054,26.98205820719401,0.9888334274291992,1.216796875,30.072832107543945,1.9954948425292969,30.09956000096281,28.689066569010418,2.003429412841797,3.685546875,21.915647506713867,1.4334330558776855,21.94075399893336,4.92305056254069,1.4413676261901855,2.138671875,576.5625,235.6875,,,,,,
inference,naive_loop,torch,5,passed,,162988800,60,12,35.019775390625,0.9808988571166992,35.05230199880316,33.672533671061196,0.9888334274291992,1.216796875,37.4334716796875,2.2768821716308594,37.4625999975251,35.810302734375,2.2848167419433594,4.357421875,27.855871200561523,1.574195384979248,27.877303000423126,6.121130625406901,1.582129955291748,2.435546875,720.703125,235.6875,,,,,,
inference,naive_loop,torch,6,passed,,162988800,72,12,42.03619384765625,0.9808988571166992,42.06605299987132,40.54766845703125,0.9888334274291992,1.216796875,44.913536071777344,2.558269500732422,44.95352899903082,43.08992004394531,2.566204071044922,5.029296875,33.38854217529297,1.7149577140808105,33.410644999094075,7.317493438720703,1.7228922843933105,2.732421875,864.84375,235.6875,,,,,,
inference,naive_loop,torch,7,passed,,162988800,84,12,48.83366394042969,0.9808988571166992,48.89326500415336,47.167144775390625,0.9888334274291992,1.216796875,66.83853149414062,2.8396568298339844,66.86878499749582,50.35417683919271,2.8475914001464844,5.701171875,39.50899124145508,1.855720043182373,39.53198800445534,8.51421864827474,1.863654613494873,3.029296875,1008.984375,235.6875,,,,,,
inference,naive_loop,torch,8,passed,,162988800,96,12,55.84076690673828,0.9808988571166992,55.870567994134035,53.88560994466146,0.9888334274291992,1.216796875,60.00214385986328,3.121044158935547,60.03448700357694,57.18016052246094,3.128978729248047,6.373046875,44.55014419555664,1.9964823722839355,44.57167700456921,9.711605072021484,2.0044169425964355,3.326171875,1153.125,235.6875,,,,,,
inference,naive_loop,torch,9,passed,,162988800,108,12,62.73331069946289,0.9808988571166992,62.762289999227505,60.660054524739586,0.9888334274291992,1.216796875,67.46112060546875,3.4024314880371094,67.50369800283806,64.8297831217448,3.4103660583496094,7.044921875,49.551231384277344,2.137244701385498,49.574213997402694,10.909355163574219,2.145179271697998,3.623046875,1297.265625,235.6875,,,,,,
inference,naive_loop,torch,10,passed,,162988800,120,12,70.49727630615234,0.9808988571166992,70.54818400501972,68.24755350748698,0.9888334274291992,1.216796875,75.6304931640625,3.683818817138672,75.6601939938264,73.13612874348958,3.691753387451172,7.716796875,55.611488342285156,2.2780070304870605,55.63525699835736,12.116991678873697,2.2859416007995605,3.919921875,1441.40625,235.6875,,,,,,
inference,naive_loop,torch,11,passed,,162988800,132,12,76.75801849365234,0.9808988571166992,76.78984699305147,74.23556518554688,0.9888334274291992,1.216796875,82.32653045654297,3.9652061462402344,82.35662600054638,79.22585550944011,3.9731407165527344,8.388671875,61.36003112792969,2.418769359588623,61.38938100048108,13.302783966064453,2.426703929901123,4.216796875,1585.546875,235.6875,,,,,,
inference,naive_loop,torch,12,passed,,162988800,144,12,84.38066864013672,0.9808988571166992,84.41060200129868,81.40151468912761,0.9888334274291992,1.216796875,90.13030242919922,4.246593475341797,90.16193400020711,86.79867553710938,4.254528045654297,9.060546875,67.38534545898438,2.5595316886901855,67.40922500466695,14.50939687093099,2.5674662590026855,4.513671875,1729.6875,235.6875,,,,,,
inference,naive_loop,torch,13,passed,,162988800,156,12,91.14521789550781,0.9808988571166992,91.17602799960878,88.11997477213542,0.9888334274291992,1.216796875,97.60050964355469,4.527980804443359,97.62917699845275,93.55980428059895,4.535915374755859,9.732421875,72.36300659179688,2.700294017791748,72.38561499980278,15.705771128336588,2.708228588104248,4.810546875,1873.828125,235.6875,,,,,,
inference,naive_loop,torch,14,passed,,162988800,168,12,98.48524475097656,0.9808988571166992,98.51760199671844,94.94253540039062,0.9888334274291992,1.216796875,105.55596923828125,4.809368133544922,105.59120300604263,101.46952311197917,4.817302703857422,10.404296875,79.23814392089844,2.8410563468933105,79.2588420008542,16.90282694498698,2.8489909172058105,5.107421875,2017.96875,235.6875,,,,,,
inference,naive_loop,torch,15,passed,,162988800,180,12,105.05830383300781,0.9808988571166992,105.08764800033532,101.93032836914062,0.9888334274291992,1.216796875,113.08236694335938,5.090755462646484,113.12668200116605,108.50201416015625,5.098690032958984,11.076171875,85.2326431274414,2.981818675994873,85.26996000000509,18.106026967366535,2.989753246307373,5.404296875,2162.109375,235.6875,,,,,,
inference,naive_loop,torch,16,passed,,162988800,192,12,113.42233276367188,0.9808988571166992,113.45329500181833,109.90182495117188,0.9888334274291992,1.216796875,121.6204833984375,5.372142791748047,121.65130200446583,115.0190938313802,5.380077362060547,11.748046875,89.76998138427734,3.1225810050964355,89.79232799902093,19.291819254557293,3.1305155754089355,5.701171875,2306.25,235.6875,,,,,,
inference,stacked,tensor,1,passed,,162988800,12,12,12.668928146362305,0.9722318649291992,12.689879000390647,7.809322357177734,0.9722318649291992,1.166015625,14.230527877807617,1.1426773071289062,14.252665001549758,8.219989140828451,1.1426773071289062,1.607421875,12.571647644042969,1.002490520477295,12.594476000231225,0.9758719603220621,1.002490520477295,1.216796875,144.1409912109375,235.6875,,,,,,
inference,stacked,tensor,2,passed,,247923456,24,24,24.849407196044922,1.4702787399291992,24.870670000382233,15.351125081380209,1.4699125289916992,1.658203125,27.93574333190918,1.9221229553222656,27.95894099836005,16.207509358723957,1.9217567443847656,2.810546875,24.226911544799805,1.6409449577331543,24.248975998489186,1.7865386009216309,1.6409449577331543,2.025390625,288.281982421875,397.6875,,,,,,
inference,stacked,tensor,3,passed,,332858112,36,36,36.32128143310547,1.9697904586791992,36.342745002912125,22.988800048828125,1.9697904586791992,2.173828125,41.543582916259766,2.703033447265625,41.56876699926215,24.27562713623047,2.703033447265625,3.986328125,35.749855041503906,2.2815966606140137,35.77100000256905,2.601290702819824,2.2815966606140137,2.806640625,432.4229736328125,559.6875,,,,,,
inference,stacked,tensor,4,passed,,417792768,48,48,48.85606384277344,2.469302177429199,48.87783599770046,30.511444091796875,2.469302177429199,2.666015625,55.13625717163086,3.4839439392089844,55.15984500016202,32.31778208414713,3.4839439392089844,5.158203125,47.63340759277344,2.921882152557373,47.65677499744925,3.4082132975260415,2.921882152557373,3.603515625,576.56396484375,721.6875,,,,,,
inference,stacked,tensor,5,passed,,502727424,60,60,58.71206283569336,2.968447685241699,58.73341600090498,38.00234731038412,2.968447685241699,3.158203125,68.0448989868164,4.264488220214844,68.06992400015588,40.200843811035156,4.264488220214844,6.314453125,58.11609649658203,3.5618014335632324,58.14192300022114,4.209322611490886,3.5618014335632324,4.384765625,720.7049560546875,883.6875,,,,,,
inference,stacked,tensor,6,passed,,587662080,72,72,74.29119873046875,3.467226982116699,74.31503999760025,45.58813985188802,3.467226982116699,3.673828125,82.94297790527344,5.044666290283203,82.97656400100095,48.303446451822914,5.044666290283203,7.501953125,70.32832336425781,4.201354503631592,70.35064799856627,5.026816050211589,4.201354503631592,5.197265625,864.845947265625,1045.6875,,,,,,
inference,stacked,tensor,7,passed,,672596736,84,84,83.44486236572266,3.966372489929199,83.47030099685071,53.1585693359375,3.966372489929199,4.166015625,95.38047790527344,5.8252105712890625,95.40508799545933,56.312459309895836,5.8252105712890625,8.666015625,81.36396789550781,4.841273784637451,81.38718600093853,5.846698760986328,4.841273784637451,6.005859375,1008.9869384765625,1207.6875,,,,,,
inference,stacked,tensor,8,passed,,757531392,96,96,99.98643493652344,4.465884208679199,100.0132479966851,60.71841939290365,4.465884208679199,4.658203125,113.2083511352539,6.606121063232422,113.241630999255,64.36352030436198,6.606121063232422,9.841796875,97.1520004272461,5.4815592765808105,97.17561299476074,6.660095850626628,5.4815592765808105,6.787109375,1153.1279296875,1369.6875,,,,,,
inference,stacked,tensor,9,passed,,842466048,108,108,106.87590026855469,4.965395927429199,106.89812499913387,69.14013671875,4.965395927429199,5.150390625,123.25682830810547,7.387031555175781,123.27979700057767,73.25423177083333,7.387031555175781,11.013671875,107.02950286865234,6.12184476852417,107.05453300033696,7.459840138753255,6.12184476852417,7.583984375,1297.2689208984375,1531.6875,,,,,,
inference,stacked,tensor,10,passed,,927400704,120,120,119.90630340576172,5.464175224304199,119.9375600044732,76.39481608072917,5.464175224304199,5.666015625,138.6076202392578,8.16720962524414,138.63350399333285,80.92876688639323,8.16720962524414,12.181640625,118.41331481933594,6.761397838592529,118.4381819984992,8.266410827636719,6.761397838592529,8.376953125,1441.409912109375,1693.6875,,,,,,
inference,stacked,tensor,11,passed,,1012335360,132,132,133.32669067382812,5.963320732116699,133.34907299577026,84.01715087890625,5.963320732116699,6.181640625,153.92767333984375,8.94775390625,153.96314799727406,89.14705403645833,8.94775390625,13.357421875,131.2051239013672,7.401317119598389,131.22770699555986,9.078784306844076,7.401317119598389,9.177734375,1585.5509033203125,1855.6875,,,,,,
inference,stacked,tensor,12,passed,,1097270016,144,144,146.2230987548828,6.462466239929199,146.25062099366914,92.47979736328125,6.462466239929199,6.673828125,168.30149841308594,9.72829818725586,168.3255759999156,97.53565470377605,9.72829818725586,14.521484375,141.6479034423828,8.041236400604248,141.67188200372038,9.896959940592447,8.041236400604248,9.966796875,1729.69189453125,2017.6875,,,,,,
inference,stacked,tensor,13,passed,,1182204672,156,156,158.07078552246094,6.961977958679199,158.09558700129855,98.9317118326823,6.961977958679199,7.166015625,182.1892547607422,10.509208679199219,182.21355899731861,104.60262044270833,10.509208679199219,15.697265625,158.10665893554688,8.681521892547607,158.13123200496193,10.695658365885416,8.681521892547607,10.767578125,1873.8328857421875,2179.6875,,,,,,
inference,stacked,tensor,14,passed,,1267139328,168,168,168.5780487060547,7.461489677429199,168.64175599766895,105.42557779947917,7.461489677429199,7.658203125,193.46226501464844,11.290119171142578,193.48793199606007,111.8764139811198,11.290119171142578,16.869140625,165.99142456054688,9.321807384490967,166.01574800006347,11.537408192952475,9.321807384490967,11.564453125,2017.973876953125,2341.6875,,,,,,
inference,stacked,tensor,15,passed,,1352073984,180,180,182.69696044921875,7.960635185241699,182.72031500237063,116.50696818033855,7.960635185241699,8.150390625,209.48480224609375,12.070663452148438,209.5110040027066,122.50009155273438,12.070663452148438,18.025390625,180.35916137695312,9.961726665496826,180.38472600164823,12.33237330118815,9.961726665496826,12.345703125,2162.1148681640625,2503.6875,,,,,,
inference,stacked,tensor,16,passed,,1437008640,192,192,188.5614013671875,8.4594144821167,188.58637099765474,122.4813232421875,8.4594144821167,8.666015625,220.48358154296875,12.850841522216797,220.50613600004,130.07013956705728,12.850841522216797,19.212890625,182.73997497558594,10.601279735565186,182.7634270011913,13.143381754557291,10.601279735565186,13.158203125,2306.255859375,2665.6875,,,,,,
inference,stacked,torch,1,passed,,162988800,12,12,7.317535877227783,0.9808988571166992,7.339462998061208,6.9122880299886065,0.9888334274291992,1.216796875,7.772160053253174,1.1513328552246094,7.796642999892356,7.278250376383464,1.1592674255371094,1.634765625,6.07539176940918,1.011146068572998,6.095593998907134,1.3298346996307373,1.019080638885498,1.248046875,144.140625,235.6875,,,,,,
inference,stacked,torch,2,passed,,247923456,24,24,14.313471794128418,1.4800443649291992,14.339083001686959,13.63968022664388,1.4879789352416992,1.732421875,15.156319618225098,1.9323539733886719,15.18339299946092,14.413141886393229,1.9402885437011719,2.837890625,11.512831687927246,1.6515421867370605,11.534608998772455,2.5279146830240884,1.6594767570495605,2.056640625,288.28125,397.6875,,,,,,
inference,stacked,torch,3,passed,,332858112,36,36,21.199871063232422,1.9795560836791992,21.2309330017888,20.224341074625652,1.9874906539916992,2.201171875,22.594560623168945,2.7127647399902344,22.621194999373984,21.506731669108074,2.7206993103027344,4.005859375,17.65888023376465,2.291327953338623,17.68180100043537,3.724970817565918,2.299262523651123,2.849609375,432.421875,559.6875,,,,,,
inference,stacked,torch,4,passed,,417792768,48,48,28.34547233581543,2.479067802429199,28.372863998811226,27.118250528971355,2.487002372741699,2.716796875,30.097408294677734,3.493663787841797,30.125604000204476,28.85802714029948,3.501598358154297,5.177734375,22.745088577270508,2.9316020011901855,22.78182400186779,4.9227094650268555,2.9395365715026855,3.626953125,576.5625,721.6875,,,,,,
inference,stacked,torch,5,passed,,502727424,60,60,35.19795227050781,2.977847099304199,35.226242998760426,33.691307067871094,2.985781669616699,3.232421875,37.515201568603516,4.273830413818359,37.54098099670955,35.69664001464844,4.281764984130859,6.353515625,28.683263778686523,3.571143627166748,28.7052429994219,6.121472040812175,3.579078197479248,4.447265625,720.703125,883.6875,,,,,,
inference,stacked,torch,6,passed,,587662080,72,72,42.30553436279297,3.476992607116699,42.33627099893056,40.30225118001302,3.484927177429199,3.724609375,44.888065338134766,5.054363250732422,44.91675200188183,43.023701985677086,5.062297821044922,7.541015625,34.76377487182617,4.2110514640808105,34.78724600063288,7.319552103678386,4.2189860343933105,5.220703125,864.84375,1045.6875,,,,,,
inference,stacked,torch,7,passed,,672596736,84,84,48.43212890625,3.976138114929199,48.45826699602185,47.063720703125,3.984072685241699,4.216796875,52.4152946472168,5.834896087646484,52.43973899632692,50.1971435546875,5.842830657958984,8.716796875,40.011775970458984,4.850959300994873,40.05035299633164,8.514560063680014,4.858893871307373,6.041015625,1008.984375,1207.6875,,,,,,
inference,stacked,torch,8,passed,,757531392,96,96,55.18540954589844,4.475649833679199,55.21389599743998,53.90910847981771,4.483584403991699,4.708984375,59.45955276489258,6.615795135498047,59.48636900575366,57.21292622884115,6.623729705810547,9.869140625,44.841854095458984,5.4912333488464355,44.863339004223235,9.715712229410807,5.4991679191589355,6.818359375,1153.125,1369.6875,,,,,,
inference,stacked,torch,9,passed,,842466048,108,108,63.843326568603516,4.975161552429199,63.87570699735079,61.35669453938802,4.983096122741699,5.201171875,68.0970230102539,7.396694183349609,68.12884499959182,66.62209065755208,7.404628753662109,11.033203125,51.300350189208984,6.131507396697998,51.32414100080496,10.92095947265625,6.139441967010498,7.626953125,1297.265625,1531.6875,,,,,,
inference,stacked,torch,10,passed,,927400704,120,120,71.35846710205078,5.473574638366699,71.38693700107979,68.84795633951823,5.481509208679199,5.716796875,75.9375991821289,8.176494598388672,75.98741100082407,72.64392598470052,8.184429168701172,12.208984375,56.20121765136719,6.7706828117370605,56.238088000100106,12.111872355143229,6.7786173820495605,8.408203125,1441.40625,1693.6875,,,,,,
inference,stacked,torch,11,passed,,1012335360,132,132,76.906494140625,5.973086357116699,76.93607300461736,74.75712076822917,5.981020927429199,6.185546875,83.06800079345703,8.957393646240234,83.09599399945,81.1315205891927,8.965328216552734,13.384765625,61.18707275390625,7.410956859588623,61.20849800208816,13.318826039632162,7.418891429901123,9.208984375,1585.546875,1855.6875,,,,,,
inference,stacked,torch,12,passed,,1097270016,144,144,84.6929931640625,6.472231864929199,84.72182300465647,81.31720479329427,6.480166435241699,6.701171875,90.49600219726562,9.737926483154297,90.52387400151929,87.24513753255208,9.745861053466797,14.552734375,69.29612731933594,8.050864696502686,69.31793900002958,14.50393549601237,8.058799266815186,10.001953125,1729.6875,2017.6875,,,,,,
inference,stacked,torch,13,passed,,1182204672,156,156,91.30290985107422,6.971743583679199,91.33361299609533,87.707275390625,6.979678153991699,7.193359375,97.40595245361328,10.51882553100586,97.43605199764716,93.54786173502605,10.52676010131836,15.716796875,75.73709106445312,8.691138744354248,75.76061200234108,15.704063415527344,8.699073314666748,10.810546875,1873.828125,2179.6875,,,,,,
inference,stacked,torch,14,passed,,1267139328,168,168,99.09964752197266,7.471255302429199,99.12992300087353,95.242919921875,7.479189872741699,7.708984375,105.45152282714844,11.299724578857422,105.48147599911317,101.73781331380208,11.307659149169922,16.900390625,79.04560089111328,9.33141279220581,79.06935299979523,16.896682739257812,9.33934736251831,11.599609375,2017.96875,2341.6875,,,,,,
inference,stacked,torch,15,passed,,1352073984,180,180,106.60546875,7.970034599304199,106.6363240024657,101.83577473958333,7.977969169616699,8.224609375,112.79564666748047,12.079891204833984,112.83071300567826,108.8351542154948,12.087825775146484,18.064453125,83.2676773071289,9.970954418182373,83.28970800357638,18.10907745361328,9.978888988494873,12.408203125,2162.109375,2503.6875,,,,,,
inference,stacked,torch,16,passed,,1437008640,192,192,113.20832061767578,8.4691801071167,113.23694799648365,110.70395914713542,8.4771146774292,8.716796875,122.45001220703125,12.860424041748047,122.47977699735202,117.62551879882812,12.868358612060547,19.251953125,88.62918090820312,10.610862255096436,88.66641500208061,19.305472056070965,10.618796825408936,13.181640625,2306.25,2665.6875,,,,,,
training,fixed_depth,tensor,1,passed,,162988800,12,12,,,,,,,,,,,,,,,,,,,0.0,0.0,56.791038513183594,4.192183017730713,56.82891600008588,45.062825520833336,4.193039417266846,6.880859375
training,fixed_depth,tensor,2,passed,,247923456,12,12,,,,,,,,,,,,,,,,,,,0.0,0.0,71.1229476928711,5.973677158355713,71.15178000094602,66.16576131184895,5.974533557891846,9.580078125
training,fixed_depth,tensor,3,passed,,332858112,12,12,,,,,,,,,,,,,,,,,,,0.0,0.0,91.2200927734375,7.767134189605713,91.25231500001973,89.24364217122395,7.767990589141846,12.18359375
training,fixed_depth,tensor,4,passed,,417792768,12,12,,,,,,,,,,,,,,,,,,,0.0,0.0,113.8677749633789,9.580244541168213,113.89825399965048,111.85391235351562,9.581100940704346,15.099609375
training,fixed_depth,tensor,5,passed,,502727424,12,12,,,,,,,,,,,,,,,,,,,0.0,0.0,138.84620666503906,11.396040439605713,138.87972100201296,137.14322916666666,11.396896839141846,17.91015625
training,fixed_depth,tensor,6,passed,,587662080,12,12,,,,,,,,,,,,,,,,,,,0.0,0.0,165.25721740722656,13.138719081878662,165.31287399993744,163.44303385416666,13.139087200164795,20.8671875
training,fixed_depth,tensor,7,passed,,672596736,12,12,,,,,,,,,,,,,,,,,,,0.0,0.0,189.3889617919922,14.938640117645264,189.42443699779687,187.68316650390625,14.939496517181396,23.638671875
training,fixed_depth,tensor,8,passed,,757531392,12,12,,,,,,,,,,,,,,,,,,,0.0,0.0,213.22134399414062,16.754438877105713,213.25563700520433,211.4955851236979,16.755295276641846,26.19921875
training,fixed_depth,tensor,9,passed,,842466048,12,12,,,,,,,,,,,,,,,,,,,0.0,0.0,237.5782470703125,18.569380283355713,237.61230300442548,235.45133463541666,18.569260120391846,28.8671875
training,fixed_depth,tensor,10,passed,,927400704,12,12,,,,,,,,,,,,,,,,,,,0.0,0.0,261.5080871582031,20.314500331878662,261.54276599845616,260.8728841145833,20.314624309539795,31.41796875
training,fixed_depth,tensor,11,passed,,1012335360,12,12,,,,,,,,,,,,,,,,,,,0.0,0.0,302.1527099609375,22.102824687957764,302.1891839962336,300.1617024739583,22.102948665618896,34.18359375
training,fixed_depth,tensor,12,passed,,1097270016,12,12,,,,,,,,,,,,,,,,,,,0.0,0.0,314.38336181640625,23.925415992736816,314.4213519990444,313.53684488932294,23.92627239227295,37.9609375
training,fixed_depth,tensor,13,passed,,1182204672,12,12,,,,,,,,,,,,,,,,,,,0.0,0.0,356.0652770996094,25.797544479370117,356.1044449961628,354.4224446614583,25.7974853515625,41.34375
training,fixed_depth,tensor,14,passed,,1267139328,12,12,,,,,,,,,,,,,,,,,,,0.0,0.0,430.2110595703125,27.599854469299316,430.28532400057884,429.2208658854167,27.59997844696045,37.638671875
training,fixed_depth,tensor,15,passed,,1352073984,12,12,,,,,,,,,,,,,,,,,,,0.0,0.0,479.5699157714844,29.447996139526367,479.61186300381087,478.1704508463542,29.4482421875,39.828125
training,fixed_depth,tensor,16,passed,,1437008640,12,12,,,,,,,,,,,,,,,,,,,0.0,0.0,514.3101196289062,31.317261695861816,514.3525000021327,513.00146484375,31.31811809539795,41.732421875
training,fixed_depth,torch,1,passed,,162988800,12,12,,,,,,,,,,,,,,,,,,,0.0,0.0,52.959232330322266,5.9158477783203125,52.993898003478535,51.80518595377604,5.9278764724731445,11.1640625
training,fixed_depth,torch,2,passed,,247923456,12,12,,,,,,,,,,,,,,,,,,,0.0,0.0,73.49657440185547,7.867877006530762,73.52946699757013,72.35447692871094,7.899803161621094,14.267578125
training,fixed_depth,torch,3,passed,,332858112,12,12,,,,,,,,,,,,,,,,,,,0.0,0.0,94.38412475585938,9.812520980834961,94.41756899832399,93.32326253255208,9.826072692871094,16.88671875
training,fixed_depth,torch,4,passed,,417792768,12,12,,,,,,,,,,,,,,,,,,,0.0,0.0,111.5330581665039,11.772845268249512,111.56972200114978,110.61383056640625,11.787626266479492,20.140625
training,fixed_depth,torch,5,passed,,502727424,12,12,,,,,,,,,,,,,,,,,,,0.0,0.0,131.74887084960938,13.753011703491211,131.78362600228866,131.2696329752604,13.763572692871094,23.21484375
training,fixed_depth,torch,6,passed,,587662080,12,12,,,,,,,,,,,,,,,,,,,0.0,0.0,152.38143920898438,15.664446830749512,152.41565000178525,152.1063028971354,15.689603805541992,26.26171875
training,fixed_depth,torch,7,passed,,672596736,12,12,,,,,,,,,,,,,,,,,,,0.0,0.0,170.78271484375,17.64174461364746,170.81741999572841,170.27789306640625,17.656517028808594,29.404296875
training,fixed_depth,torch,8,passed,,757531392,12,12,,,,,,,,,,,,,,,,,,,0.0,0.0,188.10777282714844,19.59096336364746,188.1431430010707,187.94291178385416,19.603172302246094,32.2734375
training,fixed_depth,torch,9,passed,,842466048,12,12,,,,,,,,,,,,,,,,,,,0.0,0.0,208.49664306640625,21.55354595184326,208.5330720001366,207.45076497395834,21.569608688354492,35.42578125
training,fixed_depth,torch,10,passed,,927400704,12,12,,,,,,,,,,,,,,,,,,,0.0,0.0,232.56985473632812,23.48604106903076,232.60510600084672,233.7430216471354,23.503812789916992,38.23828125
training,fixed_depth,torch,11,passed,,1012335360,12,12,,,,,,,,,,,,,,,,,,,0.0,0.0,252.832763671875,25.42452049255371,252.8708509998978,254.3431599934896,25.436668395996094,41.41015625
training,fixed_depth,torch,12,passed,,1097270016,12,12,,,,,,,,,,,,,,,,,,,0.0,0.0,271.3373718261719,27.385818481445312,271.3742400010233,275.2105305989583,27.403834342956543,35.169921875
training,fixed_depth,torch,13,passed,,1182204672,12,12,,,,,,,,,,,,,,,,,,,0.0,0.0,289.8503723144531,29.37618064880371,289.88672800187487,291.3966064453125,29.386863708496094,38.6484375
training,fixed_depth,torch,14,passed,,1267139328,12,12,,,,,,,,,,,,,,,,,,,0.0,0.0,310.04364013671875,31.26875591278076,310.1071260025492,313.71059163411456,31.299589157104492,41.1015625
training,fixed_depth,torch,15,passed,,1352073984,12,12,,,,,,,,,,,,,,,,,,,0.0,0.0,333.66839599609375,33.25301170349121,333.7320299979183,338.2633870442708,33.263572692871094,43.6171875
training,fixed_depth,torch,16,out_of_memory,training_graph,1437008640,12,12,,,,,,,,,,,,,,,,,,,0.0,0.0,352.9809875488281,35.20564556121826,353.0763270027819,,,
training,llt,tensor,1,passed,,150061824,12,12,,,,,,,,,,,,,,,,,,,0.0,0.0,68.67865753173828,3.983025550842285,68.71257499733474,41.160021464029946,3.965452194213867,6.943359375
training,llt,tensor,2,passed,,150061824,24,12,,,,,,,,,,,,,,,,,,,0.0,0.0,84.61414337158203,5.406609535217285,84.63868100079708,65.79877217610677,5.391111373901367,9.921875
training,llt,tensor,3,passed,,150061824,36,12,,,,,,,,,,,,,,,,,,,0.0,0.0,114.83238220214844,6.813958168029785,114.86403700109804,90.26560465494792,6.799924850463867,12.892578125
training,llt,tensor,4,passed,,150061824,48,12,,,,,,,,,,,,,,,,,,,0.0,0.0,145.0987548828125,8.222771644592285,145.12368600117043,114.77469889322917,8.208738327026367,15.873046875
training,llt,tensor,5,passed,,150061824,60,12,,,,,,,,,,,,,,,,,,,0.0,0.0,178.47705078125,9.631585121154785,178.50204199930886,139.4176025390625,9.617551803588867,18.853515625
training,llt,tensor,6,passed,,150061824,72,12,,,,,,,,,,,,,,,,,,,0.0,0.0,210.1297607421875,11.040398597717285,210.1534939974954,163.83146158854166,11.026365280151367,21.837890625
training,llt,tensor,7,passed,,150061824,84,12,,,,,,,,,,,,,,,,,,,0.0,0.0,235.90188598632812,12.449212074279785,235.92753300181357,188.31461588541666,12.435178756713867,25.203125
training,llt,tensor,8,passed,,150061824,96,12,,,,,,,,,,,,,,,,,,,0.0,0.0,260.43994140625,13.858025550842285,260.4639640048845,212.71687825520834,13.843992233276367,28.18359375
training,llt,tensor,9,passed,,150061824,108,12,,,,,,,,,,,,,,,,,,,0.0,0.0,299.7430725097656,15.266839027404785,299.76941399945645,237.6587931315104,15.252805709838867,31.166015625
training,llt,tensor,10,passed,,150061824,120,12,,,,,,,,,,,,,,,,,,,0.0,0.0,329.02655029296875,16.675652503967285,329.06646999617806,262.7027587890625,16.661619186401367,34.1484375
training,llt,tensor,11,passed,,150061824,132,12,,,,,,,,,,,,,,,,,,,0.0,0.0,354.9900817871094,18.084465980529785,355.0192859984236,288.13616943359375,18.070432662963867,37.201171875
training,llt,tensor,12,passed,,150061824,144,12,,,,,,,,,,,,,,,,,,,0.0,0.0,390.2771301269531,19.493279457092285,390.3049189975718,314.0232340494792,19.479246139526367,40.216796875
training,llt,tensor,13,passed,,150061824,156,12,,,,,,,,,,,,,,,,,,,0.0,0.0,419.7447814941406,20.902092933654785,419.7741899988614,337.51206461588544,20.888059616088867,43.65625
training,llt,tensor,14,passed,,150061824,168,12,,,,,,,,,,,,,,,,,,,0.0,0.0,458.1560363769531,22.310906410217285,458.18489100201987,362.5118815104167,22.296873092651367,24.76171875
training,llt,tensor,15,passed,,150061824,180,12,,,,,,,,,,,,,,,,,,,0.0,0.0,487.3226318359375,23.719719886779785,487.356423996971,390.409912109375,23.705686569213867,25.771484375
training,llt,tensor,16,passed,,150061824,192,12,,,,,,,,,,,,,,,,,,,0.0,0.0,517.2305908203125,25.128533363342285,517.2760759960511,411.7664388020833,25.114500045776367,27.294921875
training,llt,torch,1,passed,,150061824,12,12,,,,,,,,,,,,,,,,,,,0.0,0.0,51.311614990234375,5.501712322235107,51.341960999707226,48.19524129231771,5.503612041473389,9.826171875
training,llt,torch,2,passed,,150061824,24,12,,,,,,,,,,,,,,,,,,,0.0,0.0,71.76703643798828,6.700210094451904,71.79882399941562,67.7734375,6.702839374542236,13.048828125
training,llt,torch,3,passed,,150061824,36,12,,,,,,,,,,,,,,,,,,,0.0,0.0,91.76579284667969,7.90127420425415,91.79824400052894,87.7953592936198,7.900976657867432,15.490234375
training,llt,torch,4,passed,,150061824,48,12,,,,,,,,,,,,,,,,,,,0.0,0.0,112.56729888916016,9.096720218658447,112.62387099850457,107.80023193359375,9.098742008209229,17.935546875
training,llt,torch,5,passed,,150061824,60,12,,,,,,,,,,,,,,,,,,,0.0,0.0,133.3790740966797,10.294607639312744,133.40986399998656,127.85868326822917,10.296629428863525,20.376953125
training,llt,torch,6,passed,,150061824,72,12,,,,,,,,,,,,,,,,,,,0.0,0.0,153.44947814941406,11.492495059967041,153.48065700163716,147.1467488606771,11.494516849517822,22.818359375
training,llt,torch,7,passed,,150061824,84,12,,,,,,,,,,,,,,,,,,,0.0,0.0,173.8997802734375,12.690382480621338,173.9347819966497,167.59637451171875,12.69240427017212,25.263671875
training,llt,torch,8,passed,,150061824,96,12,,,,,,,,,,,,,,,,,,,0.0,0.0,194.63690185546875,13.888269901275635,194.6695849983371,187.1462198893229,13.890291690826416,27.705078125
training,llt,torch,9,passed,,150061824,108,12,,,,,,,,,,,,,,,,,,,0.0,0.0,215.05638122558594,15.086157321929932,215.091088997724,207.27433268229166,15.088179111480713,30.146484375
training,llt,torch,10,passed,,150061824,120,12,,,,,,,,,,,,,,,,,,,0.0,0.0,236.85939025878906,16.28404474258423,236.89485499926377,228.10591634114584,16.28606653213501,32.591796875
training,llt,torch,11,passed,,150061824,132,12,,,,,,,,,,,,,,,,,,,0.0,0.0,257.9578857421875,17.481932163238525,257.9991499951575,249.2013142903646,17.483953952789307,35.033203125
training,llt,torch,12,passed,,150061824,144,12,,,,,,,,,,,,,,,,,,,0.0,0.0,278.8516540527344,18.679819583892822,278.88459100358887,269.4798990885417,18.681841373443604,37.474609375
training,llt,torch,13,passed,,150061824,156,12,,,,,,,,,,,,,,,,,,,0.0,0.0,299.54559326171875,19.87770700454712,299.58065500250086,287.9474283854167,19.8797287940979,39.91796875
training,llt,torch,14,passed,,150061824,168,12,,,,,,,,,,,,,,,,,,,0.0,0.0,319.83514404296875,21.075594425201416,319.8743579996517,309.58591715494794,21.077616214752197,42.361328125
training,llt,torch,15,passed,,150061824,180,12,,,,,,,,,,,,,,,,,,,0.0,0.0,342.3262634277344,22.273481845855713,342.3735799951828,329.4897054036458,22.275503635406494,24.892578125
training,llt,torch,16,passed,,150061824,192,12,,,,,,,,,,,,,,,,,,,0.0,0.0,363.71044921875,23.47136926651001,363.7487570013036,350.487548828125,23.47339105606079,25.369140625
training,naive_loop,tensor,1,passed,,162988800,12,12,,,,,,,,,,,,,,,,,,,0.0,0.0,57.825279235839844,4.192183017730713,57.85002400079975,45.03142293294271,4.193039417266846,6.880859375
training,naive_loop,tensor,2,passed,,162988800,24,12,,,,,,,,,,,,,,,,,,,0.0,0.0,104.44374084472656,5.759196758270264,104.46757599856937,74.93802897135417,5.7600531578063965,10.076171875
training,naive_loop,tensor,3,passed,,162988800,36,12,,,,,,,,,,,,,,,,,,,0.0,0.0,149.0482177734375,7.3083882331848145,149.0765669987013,104.85589599609375,7.3085150718688965,13.279296875
training,naive_loop,tensor,4,passed,,162988800,48,12,,,,,,,,,,,,,,,,,,,0.0,0.0,198.84544372558594,8.857826709747314,198.88864699896658,134.68399047851562,8.857953548431396,16.85546875
training,naive_loop,tensor,5,passed,,162988800,60,12,,,,,,,,,,,,,,,,,,,0.0,0.0,246.6815948486328,10.407265186309814,246.71088399918517,164.4096883138021,10.407392024993896,20.046875
training,naive_loop,tensor,6,passed,,162988800,72,12,,,,,,,,,,,,,,,,,,,0.0,0.0,289.44384765625,11.956703662872314,289.46821199861006,194.409423828125,11.956830501556396,23.240234375
training,naive_loop,tensor,7,passed,,162988800,84,12,,,,,,,,,,,,,,,,,,,0.0,0.0,336.4761657714844,13.506142139434814,336.5005040031974,224.2508748372396,13.506268978118896,26.43359375
training,naive_loop,tensor,8,passed,,162988800,96,12,,,,,,,,,,,,,,,,,,,0.0,0.0,388.08172607421875,15.055580615997314,388.1110369984526,253.99979654947916,15.055707454681396,29.625
training,naive_loop,tensor,9,passed,,162988800,108,12,,,,,,,,,,,,,,,,,,,0.0,0.0,433.8636779785156,16.605019092559814,433.8925099946209,283.89581298828125,16.605145931243896,32.8125
training,naive_loop,tensor,10,passed,,162988800,120,12,,,,,,,,,,,,,,,,,,,0.0,0.0,470.245361328125,18.154457569122314,470.2797729987651,314.85540771484375,18.154584407806396,36.01953125
training,naive_loop,tensor,11,passed,,162988800,132,12,,,,,,,,,,,,,,,,,,,0.0,0.0,524.0975341796875,19.703896045684814,524.1260289985803,344.7237955729167,19.704022884368896,39.234375
training,naive_loop,tensor,12,passed,,162988800,144,12,,,,,,,,,,,,,,,,,,,0.0,0.0,571.2772827148438,21.253334522247314,571.3086920004571,375.323974609375,21.253461360931396,42.44921875
training,naive_loop,tensor,13,passed,,162988800,156,12,,,,,,,,,,,,,,,,,,,0.0,0.0,618.4633178710938,22.802772998809814,618.5007300009602,404.4424641927083,22.802899837493896,24.91015625
training,naive_loop,tensor,14,passed,,162988800,168,12,,,,,,,,,,,,,,,,,,,0.0,0.0,670.74560546875,24.352211475372314,670.7851570026833,432.1679280598958,24.352338314056396,26.125
training,naive_loop,tensor,15,passed,,162988800,180,12,,,,,,,,,,,,,,,,,,,0.0,0.0,701.1481323242188,25.901649951934814,701.1825540030259,464.6434326171875,25.901776790618896,28.20703125
training,naive_loop,tensor,16,passed,,162988800,192,12,,,,,,,,,,,,,,,,,,,0.0,0.0,757.865478515625,27.451088428497314,757.8985919972183,492.0736490885417,27.451215267181396,29.74609375
training,naive_loop,torch,1,passed,,162988800,12,12,,,,,,,,,,,,,,,,,,,0.0,0.0,53.60732650756836,5.9158477783203125,53.67617099909694,51.81985982259115,5.9278764724731445,11.1640625
training,naive_loop,torch,2,passed,,162988800,24,12,,,,,,,,,,,,,,,,,,,0.0,0.0,76.84492492675781,7.415737152099609,76.8752480034891,74.59055074055989,7.432651519775391,14.22265625
training,naive_loop,torch,3,passed,,162988800,36,12,,,,,,,,,,,,,,,,,,,0.0,0.0,100.84352111816406,8.900858879089355,100.87528000076418,97.65922037760417,8.915573120117188,17.28515625
training,naive_loop,torch,4,passed,,162988800,48,12,,,,,,,,,,,,,,,,,,,0.0,0.0,125.35193634033203,10.373648643493652,125.38613899960183,120.8651123046875,10.394713401794434,20.34375
training,naive_loop,torch,5,passed,,162988800,60,12,,,,,,,,,,,,,,,,,,,0.0,0.0,149.47532653808594,11.85278606414795,149.50613899782184,143.86414591471353,11.87385082244873,23.40234375
training,naive_loop,torch,6,passed,,162988800,72,12,,,,,,,,,,,,,,,,,,,0.0,0.0,173.7379913330078,13.331923484802246,173.77230000056443,167.13864135742188,13.352988243103027,26.46484375
training,naive_loop,torch,7,passed,,162988800,84,12,,,,,,,,,,,,,,,,,,,0.0,0.0,198.44915771484375,14.811060905456543,198.4823899983894,190.42610677083334,14.832125663757324,29.5234375
training,naive_loop,torch,8,passed,,162988800,96,12,,,,,,,,,,,,,,,,,,,0.0,0.0,222.46707153320312,16.29019832611084,222.52455599664245,213.55279541015625,16.31126308441162,32.58203125
training,naive_loop,torch,9,passed,,162988800,108,12,,,,,,,,,,,,,,,,,,,0.0,0.0,248.06605529785156,17.769335746765137,248.0988739989698,236.67985026041666,17.790400505065918,35.642578125
training,naive_loop,torch,10,passed,,162988800,120,12,,,,,,,,,,,,,,,,,,,0.0,0.0,272.29901123046875,19.248473167419434,272.33592200354906,260.924072265625,19.269537925720215,38.703125
training,naive_loop,torch,11,passed,,162988800,132,12,,,,,,,,,,,,,,,,,,,0.0,0.0,295.67181396484375,20.72761058807373,295.7063259964343,283.2738444010417,20.74867534637451,41.76171875
training,naive_loop,torch,12,passed,,162988800,144,12,,,,,,,,,,,,,,,,,,,0.0,0.0,324.0110168457031,22.206748008728027,324.07789299759315,307.68434651692706,22.22781276702881,25.0859375
training,naive_loop,torch,13,passed,,162988800,156,12,,,,,,,,,,,,,,,,,,,0.0,0.0,344.72039794921875,23.685885429382324,344.75918200041633,330.27960205078125,23.706950187683105,25.875
training,naive_loop,torch,14,passed,,162988800,168,12,,,,,,,,,,,,,,,,,,,0.0,0.0,369.8861999511719,25.16502285003662,369.9303079993115,353.4093424479167,25.186087608337402,27.404296875
training,naive_loop,torch,15,passed,,162988800,180,12,,,,,,,,,,,,,,,,,,,0.0,0.0,394.8677062988281,26.644160270690918,394.927216002543,378.0064697265625,26.6652250289917,28.935546875
training,naive_loop,torch,16,passed,,162988800,192,12,,,,,,,,,,,,,,,,,,,0.0,0.0,419.2614440917969,28.123297691345215,419.30503500043415,400.778564453125,28.144362449645996,30.466796875
training,stacked,tensor,1,passed,,162988800,12,12,,,,,,,,,,,,,,,,,,,0.0,0.0,57.63993453979492,4.192183017730713,57.66631500227959,45.06726582845052,4.193039417266846,6.880859375
training,stacked,tensor,2,passed,,247923456,24,24,,,,,,,,,,,,,,,,,,,0.0,0.0,107.82105255126953,6.7143120765686035,107.84699199939496,77.8987528483073,6.715168476104736,11.099609375
training,stacked,tensor,3,passed,,332858112,36,36,,,,,,,,,,,,,,,,,,,0.0,0.0,158.8633575439453,9.236441135406494,158.8889909980935,110.7814432779948,9.237297534942627,15.322265625
training,stacked,tensor,4,passed,,417792768,48,48,,,,,,,,,,,,,,,,,,,0.0,0.0,213.03091430664062,11.758570194244385,213.05567799936398,143.82455444335938,11.759426593780518,19.92578125
training,stacked,tensor,5,passed,,502727424,60,60,,,,,,,,,,,,,,,,,,,0.0,0.0,268.3945007324219,14.280699253082275,268.4212340027443,176.760498046875,14.281555652618408,24.14453125
training,stacked,tensor,6,passed,,587662080,72,72,,,,,,,,,,,,,,,,,,,0.0,0.0,326.72357177734375,16.802828311920166,326.74943399979384,209.80183919270834,16.8036847114563,28.365234375
training,stacked,tensor,7,passed,,672596736,84,84,,,,,,,,,,,,,,,,,,,0.0,0.0,374.41741943359375,19.324957370758057,374.44607200450264,242.7183837890625,19.32581377029419,32.5859375
training,stacked,tensor,8,passed,,757531392,96,96,,,,,,,,,,,,,,,,,,,0.0,0.0,432.3399658203125,21.847086429595947,432.3692800026038,275.842529296875,21.84794282913208,36.8046875
training,stacked,tensor,9,passed,,842466048,108,108,,,,,,,,,,,,,,,,,,,0.0,0.0,482.9593505859375,24.369215488433838,483.0026249983348,309.72654215494794,24.37007188796997,41.025390625
training,stacked,tensor,10,passed,,927400704,120,120,,,,,,,,,,,,,,,,,,,0.0,0.0,532.5393676757812,26.89134454727173,532.5697439984651,343.2591552734375,26.89220094680786,33.29296875
training,stacked,tensor,11,passed,,1012335360,132,132,,,,,,,,,,,,,,,,,,,0.0,0.0,580.4298095703125,29.41347360610962,580.4620599956252,375.3212483723958,29.414330005645752,36.310546875
training,stacked,tensor,12,passed,,1097270016,144,144,,,,,,,,,,,,,,,,,,,0.0,0.0,628.864013671875,31.93560266494751,628.9049090046319,408.7671305338542,31.936459064483643,39.306640625
training,stacked,tensor,13,passed,,1182204672,156,156,,,,,,,,,,,,,,,,,,,0.0,0.0,673.8984985351562,34.4577317237854,673.9478180024889,443.0796712239583,34.45858812332153,42.298828125
training,stacked,tensor,14,out_of_memory,training_graph,1267139328,168,168,,,,,,,,,,,,,,,,,,,0.0,0.0,734.3331298828125,36.97986078262329,734.3833479972091,,,
training,stacked,tensor,15,out_of_memory,training_graph,1352073984,180,180,,,,,,,,,,,,,,,,,,,0.0,0.0,791.81005859375,39.50198984146118,791.843131002679,,,
training,stacked,tensor,16,out_of_memory,training_graph,1437008640,192,192,,,,,,,,,,,,,,,,,,,0.0,0.0,853.275634765625,42.02411890029907,853.3083369984524,,,
training,stacked,torch,1,passed,,162988800,12,12,,,,,,,,,,,,,,,,,,,0.0,0.0,52.962303161621094,5.9158477783203125,52.99423499673139,51.82190958658854,5.9278764724731445,11.1640625
training,stacked,torch,2,passed,,247923456,24,24,,,,,,,,,,,,,,,,,,,0.0,0.0,83.37100982666016,8.53759765625,83.40356099870405,81.0608622233073,8.549626350402832,14.89453125
training,stacked,torch,3,passed,,332858112,36,36,,,,,,,,,,,,,,,,,,,0.0,0.0,113.83808135986328,11.159835815429688,113.87493099755375,110.5244140625,11.17137622833252,19.78125
training,stacked,torch,4,passed,,417792768,48,48,,,,,,,,,,,,,,,,,,,0.0,0.0,144.321533203125,13.783050537109375,144.35588999913307,140.02278645833334,13.793126106262207,24.041015625
training,stacked,torch,5,passed,,502727424,60,60,,,,,,,,,,,,,,,,,,,0.0,0.0,174.5366973876953,16.407730102539062,174.57976099831285,169.41158040364584,16.414875984191895,28.443359375
training,stacked,torch,6,passed,,587662080,72,72,,,,,,,,,,,,,,,,,,,0.0,0.0,205.73388671875,19.02899169921875,205.77052299995557,199.09906005859375,19.036625862121582,32.857421875
training,stacked,torch,7,passed,,672596736,84,84,,,,,,,,,,,,,,,,,,,0.0,0.0,236.24082946777344,21.652206420898438,236.27991799730808,228.6206258138021,21.65837574005127,37.251953125
training,stacked,torch,8,passed,,757531392,96,96,,,,,,,,,,,,,,,,,,,0.0,0.0,266.4171447753906,24.276397705078125,266.4545729930978,257.9650472005208,24.280125617980957,41.669921875
training,stacked,torch,9,passed,,842466048,108,108,,,,,,,,,,,,,,,,,,,0.0,0.0,297.7423400878906,26.900588989257812,297.7839329978451,289.0970458984375,26.901875495910645,33.537109375
training,stacked,torch,10,passed,,927400704,120,120,,,,,,,,,,,,,,,,,,,0.0,0.0,329.662353515625,29.5081787109375,329.72228199651,319.1050211588542,29.523625373840332,37.375
training,stacked,torch,11,passed,,1012335360,132,132,,,,,,,,,,,,,,,,,,,0.0,0.0,358.6529235839844,32.13334655761719,358.7097130002803,347.3636881510417,32.14537525177002,39.408203125
training,stacked,torch,12,passed,,1097270016,144,144,,,,,,,,,,,,,,,,,,,0.0,0.0,390.8884582519531,34.754119873046875,390.9315519995289,377.7204996744792,34.76712512969971,43.041015625
training,stacked,torch,13,out_of_memory,training_graph,1182204672,156,156,,,,,,,,,,,,,,,,,,,0.0,0.0,420.8650207519531,37.37440490722656,420.90445599751547,,,
training,stacked,torch,14,out_of_memory,training_graph,1267139328,168,168,,,,,,,,,,,,,,,,,,,0.0,0.0,450.1174621582031,39.99761962890625,450.1582149969181,,,
training,stacked,torch,15,out_of_memory,training_eager,1352073984,180,180,,,,,,,,,,,,,,,,,,,0.0,0.0,,,,,,
training,stacked,torch,16,out_of_memory,training_eager,1437008640,192,192,,,,,,,,,,,,,,,,,,,0.0,0.0,,,,,,
