phase,model,kv_rank,backend,loops,checkpoint,status,parameter_count,effective_depth,unique_layers,attention_applications,mlp_applications,measurement_origin,core_residual_dtype,failed_stage,raw_record,prompt_eager_gpu_ms,prompt_eager_peak_gib,prompt_eager_wall_ms,prompt_graph_gpu_ms,prompt_graph_peak_gib,startup_eager_gpu_ms,startup_eager_peak_gib,startup_eager_wall_ms,startup_graph_gpu_ms,startup_graph_peak_gib,decode_eager_gpu_ms,decode_eager_peak_gib,decode_eager_wall_ms,decode_graph_gpu_ms,decode_graph_peak_gib,cache_mib,fold_mib,prepared_weight_mib,cache_banks,training_eager_gpu_ms,training_eager_peak_gib,training_eager_wall_ms,training_graph_gpu_ms,training_graph_peak_gib
inference,llt,32,tensor,1,none,passed,149717760,12,12,12,12,contextual-llt,float32,,experiments/l40s/results/contextual-llt/inference-llt-tensor-r032-t01-none.json,13.953023910522461,0.8492488861083984,13.974491012049839,6.256640116373698,0.8487606048583984,18.139232635498047,0.8490047454833984,18.16256500023883,6.5655466715494795,0.8487606048583984,11.101216316223145,0.7558236122131348,11.12246401316952,0.7058773040771484,0.7558236122131348,3.0032958984375,13.5,183.375,12,,,,,
inference,llt,32,tensor,2,none,passed,149717760,24,12,24,24,contextual-llt,float32,,experiments/l40s/results/contextual-llt/inference-llt-tensor-r032-t02-none.json,22.362112045288086,0.8492488861083984,22.384543000953272,11.7838503519694,0.8487606048583984,26.589183807373047,0.8492488861083984,26.6129529918544,12.13913599650065,0.8487606048583984,18.921472549438477,0.7558236122131348,18.944039999041706,1.1608746846516926,0.7558236122131348,3.0032958984375,13.5,183.375,12,,,,,
inference,llt,32,tensor,3,none,passed,149717760,36,12,36,36,contextual-llt,float32,,experiments/l40s/results/contextual-llt/inference-llt-tensor-r032-t03-none.json,31.95702362060547,0.8492488861083984,31.978771003196016,17.358783721923828,0.8487606048583984,36.50764846801758,0.8492488861083984,36.53194599610288,17.710421244303387,0.8487606048583984,27.79136085510254,0.7558236122131348,27.816695990622975,1.6168959935506184,0.7558236122131348,3.0032958984375,13.5,183.375,12,,,,,
inference,llt,32,tensor,4,none,passed,149717760,48,12,48,48,contextual-llt,float32,,experiments/l40s/results/contextual-llt/inference-llt-tensor-r032-t04-none.json,39.876609802246094,0.8492488861083984,39.89871998783201,22.95910390218099,0.8487606048583984,45.026302337646484,0.8492488861083984,45.05074898770545,23.343785603841145,0.8487606048583984,35.590145111083984,0.7558236122131348,35.61281999282073,2.073941389719645,0.7558236122131348,3.0032958984375,13.5,183.375,12,,,,,
inference,llt,32,tensor,5,none,passed,149717760,60,12,60,60,contextual-llt,float32,,experiments/l40s/results/contextual-llt/inference-llt-tensor-r032-t05-none.json,49.75932693481445,0.8492488861083984,49.780925997765735,28.43067677815755,0.8487606048583984,54.007808685302734,0.8492488861083984,54.030839004553854,28.834134419759113,0.8487606048583984,43.872161865234375,0.7558236122131348,43.89328899560496,2.5309227307637534,0.7558236122131348,3.0032958984375,13.5,183.375,12,,,,,
inference,llt,32,tensor,6,none,passed,149717760,72,12,72,72,contextual-llt,float32,,experiments/l40s/results/contextual-llt/inference-llt-tensor-r032-t06-none.json,58.730430603027344,0.8492488861083984,58.751513992319815,34.030932108561196,0.8487606048583984,62.93299102783203,0.8492488861083984,62.96074700367171,34.43336486816406,0.8487606048583984,52.58649444580078,0.7558236122131348,52.60814398934599,2.9859838485717773,0.7558236122131348,3.0032958984375,13.5,183.375,12,,,,,
inference,llt,32,tensor,7,none,passed,149717760,84,12,84,84,contextual-llt,float32,,experiments/l40s/results/contextual-llt/inference-llt-tensor-r032-t07-none.json,64.90316772460938,0.8492488861083984,64.92441899899859,39.672149658203125,0.8487606048583984,69.79686737060547,0.8492488861083984,69.8191750125261,40.09710947672526,0.8487606048583984,58.4796142578125,0.7558236122131348,58.505765002337284,3.43995730082194,0.7558236122131348,3.0032958984375,13.5,183.375,12,,,,,
inference,llt,32,tensor,8,none,passed,149717760,96,12,96,96,contextual-llt,float32,,experiments/l40s/results/contextual-llt/inference-llt-tensor-r032-t08-none.json,118.99897766113281,0.8492488861083984,119.03387999336701,45.23345947265625,0.8487606048583984,82.94092559814453,0.8492488861083984,82.96794899797533,45.67552185058594,0.8487606048583984,67.78470611572266,0.7558236122131348,67.80760499532335,3.896992047627767,0.7558236122131348,3.0032958984375,13.5,183.375,12,,,,,
inference,llt,32,tensor,9,none,passed,149717760,108,12,108,108,contextual-llt,float32,,experiments/l40s/results/contextual-llt/inference-llt-tensor-r032-t09-none.json,84.57625579833984,0.8492488861083984,84.60335699783172,50.980865478515625,0.8487606048583984,87.52352142333984,0.8492488861083984,87.54635199147742,51.432108561197914,0.8487606048583984,75.86815643310547,0.7558236122131348,75.89154900051653,4.351658821105957,0.7558236122131348,3.0032958984375,13.5,183.375,12,,,,,
inference,llt,32,tensor,10,none,passed,149717760,120,12,120,120,contextual-llt,float32,,experiments/l40s/results/contextual-llt/inference-llt-tensor-r032-t10-none.json,93.04985809326172,0.8492488861083984,93.07202299532946,56.38417053222656,0.8487606048583984,96.82637023925781,0.8492488861083984,96.8625559908105,56.875691731770836,0.8487606048583984,83.59014129638672,0.7558236122131348,83.61401499132626,4.807680130004883,0.7558236122131348,3.0032958984375,13.5,183.375,12,,,,,
inference,llt,32,tensor,11,none,passed,149717760,132,12,132,132,contextual-llt,float32,,experiments/l40s/results/contextual-llt/inference-llt-tensor-r032-t11-none.json,101.45069122314453,0.8492488861083984,101.47313699417282,61.793619791666664,0.8487606048583984,105.56723022460938,0.8492488861083984,105.59084799024276,62.02879842122396,0.8487606048583984,92.5132827758789,0.7558236122131348,92.53798000281677,5.263999938964844,0.7558236122131348,3.0032958984375,13.5,183.375,12,,,,,
inference,llt,32,tensor,12,none,passed,149717760,144,12,144,144,contextual-llt,float32,,experiments/l40s/results/contextual-llt/inference-llt-tensor-r032-t12-none.json,111.18377685546875,0.8492488861083984,111.20796599425375,67.83243815104167,0.8487606048583984,118.0057601928711,0.8492488861083984,118.03092999616638,67.99667358398438,0.8487606048583984,102.2208023071289,0.7558236122131348,102.24350100907031,5.720746358235677,0.7558236122131348,3.0032958984375,13.5,183.375,12,,,,,
inference,llt,32,tensor,13,none,passed,149717760,156,12,156,156,contextual-llt,float32,,experiments/l40s/results/contextual-llt/inference-llt-tensor-r032-t13-none.json,120.34867095947266,0.8492488861083984,120.37134599813726,73.35935974121094,0.8487606048583984,126.43011474609375,0.8492488861083984,126.4519139949698,73.6146748860677,0.8487606048583984,112.142333984375,0.7558236122131348,112.1657750045415,6.1856428782145185,0.7558236122131348,3.0032958984375,13.5,183.375,12,,,,,
inference,llt,32,tensor,14,none,passed,149717760,168,12,168,168,contextual-llt,float32,,experiments/l40s/results/contextual-llt/inference-llt-tensor-r032-t14-none.json,127.92415618896484,0.8492488861083984,127.94531899271533,78.5285135904948,0.8487606048583984,134.20338439941406,0.8492488861083984,134.227581002051,78.75174458821614,0.8487606048583984,118.92940521240234,0.7558236122131348,118.9521549968049,6.632778803507487,0.7558236122131348,3.0032958984375,13.5,183.375,12,,,,,
inference,llt,32,tensor,15,none,passed,149717760,180,12,180,180,contextual-llt,float32,,experiments/l40s/results/contextual-llt/inference-llt-tensor-r032-t15-none.json,140.01239013671875,0.8492488861083984,140.0348210008815,84.31957499186198,0.8487606048583984,143.65286254882812,0.8492488861083984,143.67974299238995,84.56123860677083,0.8487606048583984,127.1173095703125,0.7558236122131348,127.14162799238693,7.088127772013347,0.7558236122131348,3.0032958984375,13.5,183.375,12,,,,,
inference,llt,32,tensor,16,none,passed,149717760,192,12,192,192,contextual-llt,float32,,experiments/l40s/results/contextual-llt/inference-llt-tensor-r032-t16-none.json,153.6696319580078,0.8492488861083984,153.7009589956142,89.71127319335938,0.8487606048583984,155.13072204589844,0.8492488861083984,155.15599999343976,89.92153930664062,0.8487606048583984,137.54368591308594,0.7558236122131348,137.57438398897648,7.544149398803711,0.7558236122131348,3.0032958984375,13.5,183.375,12,,,,,
inference,llt,64,tensor,1,none,passed,150602496,12,12,12,12,contextual-llt,float32,,experiments/l40s/results/contextual-llt/inference-llt-tensor-r064-t01-none.json,13.979647636413574,0.8850736618041992,14.00552700215485,7.01576550801595,0.8767757415771484,19.518463134765625,0.8850736618041992,19.540916007827036,7.35539182027181,0.8767757415771484,11.330464363098145,0.786283016204834,11.35137100936845,0.7553706963857015,0.786283016204834,6.0062255859375,27.0,185.0625,12,,,,,
inference,llt,64,tensor,2,none,passed,150602496,24,12,24,24,contextual-llt,float32,,experiments/l40s/results/contextual-llt/inference-llt-tensor-r064-t02-none.json,22.166528701782227,0.8850736618041992,22.190595002030022,13.268992106119791,0.8767757415771484,26.589183807373047,0.8850736618041992,26.610867003910244,13.63797378540039,0.8767757415771484,19.162111282348633,0.786283016204834,19.182440009899437,1.2619093259175618,0.786283016204834,6.0062255859375,27.0,185.0625,12,,,,,
inference,llt,64,tensor,3,none,passed,150602496,36,12,36,36,contextual-llt,float32,,experiments/l40s/results/contextual-llt/inference-llt-tensor-r064-t03-none.json,30.81830406188965,0.8850736618041992,30.841052997857332,19.536212921142578,0.8767757415771484,35.89836883544922,0.8850736618041992,35.92039200884756,19.948543548583984,0.8767757415771484,27.94700813293457,0.786283016204834,27.96981499704998,1.768448034922282,0.786283016204834,6.0062255859375,27.0,185.0625,12,,,,,
inference,llt,64,tensor,4,none,passed,150602496,48,12,48,48,contextual-llt,float32,,experiments/l40s/results/contextual-llt/inference-llt-tensor-r064-t04-none.json,40.685569763183594,0.8850736618041992,40.70727700309362,25.74267832438151,0.8767757415771484,45.023231506347656,0.8850736618041992,45.04611999436747,26.15978749593099,0.8767757415771484,36.26291275024414,0.786283016204834,36.286506001488306,2.2756479581197104,0.786283016204834,6.0062255859375,27.0,185.0625,12,,,,,
inference,llt,64,tensor,5,none,passed,150602496,60,12,60,60,contextual-llt,float32,,experiments/l40s/results/contextual-llt/inference-llt-tensor-r064-t05-none.json,48.05427169799805,0.8850736618041992,48.076081002363935,32.00648498535156,0.8767757415771484,52.85580825805664,0.8850736618041992,52.88227599521633,32.32597351074219,0.8767757415771484,43.28755187988281,0.786283016204834,43.31259800528642,2.7828906377156577,0.786283016204834,6.0062255859375,27.0,185.0625,12,,,,,
inference,llt,64,tensor,6,none,passed,150602496,72,12,72,72,contextual-llt,float32,,experiments/l40s/results/contextual-llt/inference-llt-tensor-r064-t06-none.json,55.18540954589844,0.8850736618041992,55.20722400979139,38.30715688069662,0.8767757415771484,59.76473617553711,0.8850736618041992,59.78811500244774,38.60684712727865,0.8767757415771484,48.54886245727539,0.786283016204834,48.569754988420755,3.287722587585449,0.786283016204834,6.0062255859375,27.0,185.0625,12,,,,,
inference,llt,64,tensor,7,none,passed,150602496,84,12,84,84,contextual-llt,float32,,experiments/l40s/results/contextual-llt/inference-llt-tensor-r064-t07-none.json,65.51776123046875,0.8850736618041992,65.54012899869122,44.71739705403646,0.8767757415771484,70.88025665283203,0.8850736618041992,70.90348801284563,45.00036112467448,0.8767757415771484,58.29529571533203,0.786283016204834,58.31711000064388,3.795285224914551,0.786283016204834,6.0062255859375,27.0,185.0625,12,,,,,
inference,llt,64,tensor,8,none,passed,150602496,96,12,96,96,contextual-llt,float32,,experiments/l40s/results/contextual-llt/inference-llt-tensor-r064-t08-none.json,74.17740631103516,0.8850736618041992,74.19880299130455,51.0733642578125,0.8767757415771484,79.44908905029297,0.8850736618041992,79.4721669954015,51.31878153483073,0.8767757415771484,66.92658996582031,0.786283016204834,66.95052099530585,4.301088015238444,0.786283016204834,6.0062255859375,27.0,185.0625,12,,,,,
inference,llt,64,tensor,9,none,passed,150602496,108,12,108,108,contextual-llt,float32,,experiments/l40s/results/contextual-llt/inference-llt-tensor-r064-t09-none.json,82.24960327148438,0.8850736618041992,82.28003799740691,57.237813313802086,0.8767757415771484,86.95398712158203,0.8850736618041992,86.9768499978818,57.55699157714844,0.8767757415771484,74.1365737915039,0.786283016204834,74.15923901135102,4.807338714599609,0.786283016204834,6.0062255859375,27.0,185.0625,12,,,,,
inference,llt,64,tensor,10,none,passed,150602496,120,12,120,120,contextual-llt,float32,,experiments/l40s/results/contextual-llt/inference-llt-tensor-r064-t10-none.json,94.10867309570312,0.8850736618041992,94.1311089991359,63.62726338704427,0.8767757415771484,99.37510681152344,0.8850736618041992,99.39993800071534,63.94128926595052,0.8767757415771484,85.99654388427734,0.786283016204834,86.01871499558911,5.315573374430339,0.786283016204834,6.0062255859375,27.0,185.0625,12,,,,,
inference,llt,64,tensor,11,none,passed,150602496,132,12,132,132,contextual-llt,float32,,experiments/l40s/results/contextual-llt/inference-llt-tensor-r064-t11-none.json,102.43276977539062,0.8850736618041992,102.45565699005965,69.93544514973958,0.8767757415771484,104.57190704345703,0.8850736618041992,104.59354599879589,70.21499633789062,0.8767757415771484,94.06259155273438,0.786283016204834,94.08643400820438,5.820757548014323,0.786283016204834,6.0062255859375,27.0,185.0625,12,,,,,
inference,llt,64,tensor,12,none,passed,150602496,144,12,144,144,contextual-llt,float32,,experiments/l40s/results/contextual-llt/inference-llt-tensor-r064-t12-none.json,109.37958526611328,0.8850736618041992,109.40703100641258,75.75483703613281,0.8767757415771484,112.44236755371094,0.8850736618041992,112.46596499404404,75.98353068033855,0.8767757415771484,99.76646423339844,0.786283016204834,99.79020200262312,6.327637354532878,0.786283016204834,6.0062255859375,27.0,185.0625,12,,,,,
inference,llt,64,tensor,13,none,passed,150602496,156,12,156,156,contextual-llt,float32,,experiments/l40s/results/contextual-llt/inference-llt-tensor-r064-t13-none.json,123.19939422607422,0.8850736618041992,123.22212700382806,82.82351175944011,0.8767757415771484,127.6938247680664,0.8850736618041992,127.72314999892842,83.16586812337239,0.8767757415771484,115.0660171508789,0.786283016204834,115.08837399014737,6.846805572509766,0.786283016204834,6.0062255859375,27.0,185.0625,12,,,,,
inference,llt,64,tensor,14,none,passed,150602496,168,12,168,168,contextual-llt,float32,,experiments/l40s/results/contextual-llt/inference-llt-tensor-r064-t14-none.json,130.4484405517578,0.8850736618041992,130.47241800813936,89.03268432617188,0.8767757415771484,135.89520263671875,0.8850736618041992,135.91943799110595,89.13885498046875,0.8767757415771484,115.66889953613281,0.786283016204834,115.69238199444953,7.338325500488281,0.786283016204834,6.0062255859375,27.0,185.0625,12,,,,,
inference,llt,64,tensor,15,none,passed,150602496,180,12,180,180,contextual-llt,float32,,experiments/l40s/results/contextual-llt/inference-llt-tensor-r064-t15-none.json,136.62208557128906,0.8850736618041992,136.64432099903934,94.84287516276042,0.8767757415771484,140.368896484375,0.8850736618041992,140.3918599971803,95.09307861328125,0.8767757415771484,126.61862182617188,0.786283016204834,126.6417929873569,7.847253163655599,0.786283016204834,6.0062255859375,27.0,185.0625,12,,,,,
inference,llt,64,tensor,16,none,passed,150602496,192,12,192,192,contextual-llt,float32,,experiments/l40s/results/contextual-llt/inference-llt-tensor-r064-t16-none.json,150.35494995117188,0.8850736618041992,150.38133900088724,101.1244405110677,0.8767757415771484,157.3007354736328,0.8850736618041992,157.326150991139,101.500244140625,0.8767757415771484,136.58213806152344,0.786283016204834,136.60510501358658,8.353408177693685,0.786283016204834,6.0062255859375,27.0,185.0625,12,,,,,
inference,llt,128,tensor,1,none,passed,152371968,12,12,12,12,contextual-llt,float32,,experiments/l40s/results/contextual-llt/inference-llt-tensor-r128-t01-none.json,13.973504066467285,0.9319515228271484,13.99547299661208,8.929279963175455,0.9295101165771484,18.46067237854004,0.9312191009521484,18.482433006283827,9.376426696777344,0.9295101165771484,11.311103820800781,0.8271794319152832,11.33291500445921,0.8594773610432943,0.8271794319152832,12.0120849609375,54.0,188.4375,12,,,,,
inference,llt,128,tensor,2,none,passed,152371968,24,12,24,24,contextual-llt,float32,,experiments/l40s/results/contextual-llt/inference-llt-tensor-r128-t02-none.json,22.84236717224121,0.9319515228271484,22.86506400560029,17.027071634928387,0.9295101165771484,26.892288208007812,0.9312191009521484,26.915440990705974,17.498794555664062,0.9295101165771484,18.914304733276367,0.8271794319152832,18.93612099229358,1.4687573115030925,0.8271794319152832,12.0120849609375,54.0,188.4375,12,,,,,
inference,llt,128,tensor,3,none,passed,152371968,36,12,36,36,contextual-llt,float32,,experiments/l40s/results/contextual-llt/inference-llt-tensor-r128-t03-none.json,31.254528045654297,0.9319515228271484,31.276300011086278,25.108139038085938,0.9295101165771484,35.79596710205078,0.9312191009521484,35.81836599914823,25.556991577148438,0.9295101165771484,26.802175521850586,0.8271794319152832,26.824496002518572,2.077354590098063,0.8271794319152832,12.0120849609375,54.0,188.4375,12,,,,,
inference,llt,128,tensor,4,none,passed,152371968,48,12,48,48,contextual-llt,float32,,experiments/l40s/results/contextual-llt/inference-llt-tensor-r128-t04-none.json,41.30611038208008,0.9319515228271484,41.33092700794805,33.13049570719401,0.9295101165771484,44.75187301635742,0.9312191009521484,44.77537800266873,33.598121643066406,0.9295101165771484,35.62803268432617,0.8271794319152832,35.649519006256014,2.685215950012207,0.8271794319152832,12.0120849609375,54.0,188.4375,12,,,,,
inference,llt,128,tensor,5,none,passed,152371968,60,12,60,60,contextual-llt,float32,,experiments/l40s/results/contextual-llt/inference-llt-tensor-r128-t05-none.json,47.7204475402832,0.9319515228271484,47.7437910012668,41.42353057861328,0.9295101165771484,52.49740982055664,0.9312191009521484,52.521794990752824,41.88910929361979,0.9295101165771484,42.043392181396484,0.8271794319152832,42.064581997692585,3.2938667933146157,0.8271794319152832,12.0120849609375,54.0,188.4375,12,,,,,
inference,llt,128,tensor,6,none,passed,152371968,72,12,72,72,contextual-llt,float32,,experiments/l40s/results/contextual-llt/inference-llt-tensor-r128-t06-none.json,58.89535903930664,0.9319515228271484,58.9175549976062,49.51006062825521,0.9295101165771484,62.46809768676758,0.9312191009521484,62.490572992828675,49.97870890299479,0.9295101165771484,51.87891387939453,0.8271794319152832,51.90231199958362,3.902463912963867,0.8271794319152832,12.0120849609375,54.0,188.4375,12,,,,,
inference,llt,128,tensor,7,none,passed,152371968,84,12,84,84,contextual-llt,float32,,experiments/l40s/results/contextual-llt/inference-llt-tensor-r128-t07-none.json,65.32403564453125,0.9319515228271484,65.34785400435794,57.5095469156901,0.9295101165771484,70.17676544189453,0.9312191009521484,70.20090500009246,58.02222696940104,0.9295101165771484,58.20198440551758,0.8271794319152832,58.22390099638142,4.511381467183431,0.8271794319152832,12.0120849609375,54.0,188.4375,12,,,,,
inference,llt,128,tensor,8,none,passed,152371968,96,12,96,96,contextual-llt,float32,,experiments/l40s/results/contextual-llt/inference-llt-tensor-r128-t08-none.json,74.93836975097656,0.9319515228271484,74.96268401155248,65.57901000976562,0.9295101165771484,80.33280181884766,0.9312191009521484,80.35799299250357,66.05755615234375,0.9295101165771484,67.47853088378906,0.8271794319152832,67.50112799636554,5.120277404785156,0.8271794319152832,12.0120849609375,54.0,188.4375,12,,,,,
inference,llt,128,tensor,9,none,passed,152371968,108,12,108,108,contextual-llt,float32,,experiments/l40s/results/contextual-llt/inference-llt-tensor-r128-t09-none.json,86.69075012207031,0.9319515228271484,86.71200599928852,73.86351013183594,0.9295101165771484,91.0745620727539,0.9312191009521484,91.09854498819914,74.32020060221355,0.9295101165771484,77.82383728027344,0.8271794319152832,77.847884997027,5.7289384206136065,0.8271794319152832,12.0120849609375,54.0,188.4375,12,,,,,
inference,llt,128,tensor,10,none,passed,152371968,120,12,120,120,contextual-llt,float32,,experiments/l40s/results/contextual-llt/inference-llt-tensor-r128-t10-none.json,94.50601959228516,0.9319515228271484,94.53112800838426,81.63225809733073,0.9295101165771484,99.66694641113281,0.9312191009521484,99.689752998529,82.16029866536458,0.9295101165771484,84.87417602539062,0.8271794319152832,84.89912400546018,6.33787727355957,0.8271794319152832,12.0120849609375,54.0,188.4375,12,,,,,
inference,llt,128,tensor,11,none,passed,152371968,132,12,132,132,contextual-llt,float32,,experiments/l40s/results/contextual-llt/inference-llt-tensor-r128-t11-none.json,103.193603515625,0.9319515228271484,103.21872800705023,89.85667928059895,0.9295101165771484,110.24374389648438,0.9312191009521484,110.26830399350729,90.32499186197917,0.9295101165771484,94.10969543457031,0.8271794319152832,94.13113098707981,6.947498957316081,0.8271794319152832,12.0120849609375,54.0,188.4375,12,,,,,
inference,llt,128,tensor,12,none,passed,152371968,144,12,144,144,contextual-llt,float32,,experiments/l40s/results/contextual-llt/inference-llt-tensor-r128-t12-none.json,113.38646697998047,0.9319515228271484,113.40957100037485,98.00670369466145,0.9295101165771484,118.0571517944336,0.9312191009521484,118.0859840096673,98.52618408203125,0.9295101165771484,102.62425231933594,0.8271794319152832,102.6459949935088,7.556085586547852,0.8271794319152832,12.0120849609375,54.0,188.4375,12,,,,,
inference,llt,128,tensor,13,none,passed,152371968,156,12,156,156,contextual-llt,float32,,experiments/l40s/results/contextual-llt/inference-llt-tensor-r128-t13-none.json,122.29017639160156,0.9319515228271484,122.32207399210893,106.03042602539062,0.9295101165771484,127.83824157714844,0.9312191009521484,127.86243099253625,106.52262369791667,0.9295101165771484,104.595458984375,0.8271794319152832,104.62252899014857,8.165034612019857,0.8271794319152832,12.0120849609375,54.0,188.4375,12,,,,,
inference,llt,128,tensor,14,none,passed,152371968,168,12,168,168,contextual-llt,float32,,experiments/l40s/results/contextual-llt/inference-llt-tensor-r128-t14-none.json,129.36703491210938,0.9319515228271484,129.39849999384023,115.34023030598958,0.9295101165771484,137.60922241210938,0.9312191009521484,137.63267699687276,116.21851603190105,0.9295101165771484,116.54144287109375,0.8271794319152832,116.56493299233261,8.772576014200846,0.8271794319152832,12.0120849609375,54.0,188.4375,12,,,,,
inference,llt,128,tensor,15,none,passed,152371968,180,12,180,180,contextual-llt,float32,,experiments/l40s/results/contextual-llt/inference-llt-tensor-r128-t15-none.json,138.2072296142578,0.9319515228271484,138.23611500265542,122.27105712890625,0.9295101165771484,143.29959106445312,0.9312191009521484,143.32488999934867,122.72298177083333,0.9295101165771484,125.0324478149414,0.8271794319152832,125.05580599827226,9.381888071695963,0.8271794319152832,12.0120849609375,54.0,188.4375,12,,,,,
inference,llt,128,tensor,16,none,passed,152371968,192,12,192,192,contextual-llt,float32,,experiments/l40s/results/contextual-llt/inference-llt-tensor-r128-t16-none.json,148.25062561035156,0.9319515228271484,148.27368799888063,132.2595011393229,0.9295101165771484,152.03021240234375,0.9312191009521484,152.05482400779147,133.26131184895834,0.9295101165771484,134.0753936767578,0.8271794319152832,134.10742300038692,9.99078369140625,0.8271794319152832,12.0120849609375,54.0,188.4375,12,,,,,
inference,llt,32,torch,1,none,passed,149717760,12,12,12,12,contextual-llt,float32,,experiments/l40s/results/contextual-llt/inference-llt-torch-r032-t01-none.json,7.588863849639893,0.8551082611083984,7.611420995090157,5.53437868754069,0.8630428314208984,9.294848442077637,0.8551082611083984,9.316381998360157,5.829973220825195,0.8630428314208984,5.4476799964904785,0.7621598243713379,5.468660005135462,1.009621302286784,0.7700943946838379,3.0029296875,13.5,182.25,12,,,,,
inference,llt,32,torch,2,none,passed,149717760,24,12,24,24,contextual-llt,float32,,experiments/l40s/results/contextual-llt/inference-llt-torch-r032-t02-none.json,12.73855972290039,0.8551082611083984,12.76490101008676,10.412373224894205,0.8630428314208984,13.760512351989746,0.8551082611083984,13.783884001895785,10.729131062825521,0.8630428314208984,9.624608039855957,0.7621598243713379,9.645727011957206,1.7759572664896648,0.7700943946838379,3.0029296875,13.5,182.25,12,,,,,
inference,llt,32,torch,3,none,passed,149717760,36,12,36,36,contextual-llt,float32,,experiments/l40s/results/contextual-llt/inference-llt-torch-r032-t03-none.json,17.855487823486328,0.8551082611083984,17.89380400441587,15.340885162353516,0.8630428314208984,18.363391876220703,0.8551082611083984,18.387256990536116,15.66037368774414,0.8630428314208984,13.831168174743652,0.7621598243713379,13.853933996870182,2.5364480018615723,0.7700943946838379,3.0029296875,13.5,182.25,12,,,,,
inference,llt,32,torch,4,none,passed,149717760,48,12,48,48,contextual-llt,float32,,experiments/l40s/results/contextual-llt/inference-llt-torch-r032-t04-none.json,23.160831451416016,0.8551082611083984,23.183754994533956,20.248917897542317,0.8630428314208984,23.518207550048828,0.8551082611083984,23.54194199142512,20.543487548828125,0.8630428314208984,18.2959041595459,0.7621598243713379,18.317651993129402,3.2996692657470703,0.7700943946838379,3.0029296875,13.5,182.25,12,,,,,
inference,llt,32,torch,5,none,passed,149717760,60,12,60,60,contextual-llt,float32,,experiments/l40s/results/contextual-llt/inference-llt-torch-r032-t05-none.json,28.15488052368164,0.8551082611083984,28.182548994664103,25.13885752360026,0.8630428314208984,28.53171157836914,0.8551082611083984,28.561237995745614,25.475413004557293,0.8630428314208984,22.51263999938965,0.7621598243713379,22.533415001817048,4.05946667989095,0.7700943946838379,3.0029296875,13.5,182.25,12,,,,,
inference,llt,32,torch,6,none,passed,149717760,72,12,72,72,contextual-llt,float32,,experiments/l40s/results/contextual-llt/inference-llt-torch-r032-t06-none.json,33.39263916015625,0.8551082611083984,33.422093008994125,30.032554626464844,0.8630428314208984,33.7367057800293,0.8551082611083984,33.76041000592522,30.379689534505207,0.8630428314208984,26.075136184692383,0.7621598243713379,26.09553700312972,4.813482602437337,0.7700943946838379,3.0029296875,13.5,182.25,12,,,,,
inference,llt,32,torch,7,none,passed,149717760,84,12,84,84,contextual-llt,float32,,experiments/l40s/results/contextual-llt/inference-llt-torch-r032-t07-none.json,38.70207977294922,0.8551082611083984,38.72677500476129,35.07983907063802,0.8630428314208984,38.95897674560547,0.8551082611083984,38.98411100090016,35.4338124593099,0.8630428314208984,30.170047760009766,0.7621598243713379,30.195088009350002,5.572608311971028,0.7700943946838379,3.0029296875,13.5,182.25,12,,,,,
inference,llt,32,torch,8,none,passed,149717760,96,12,96,96,contextual-llt,float32,,experiments/l40s/results/contextual-llt/inference-llt-torch-r032-t08-none.json,43.80665588378906,0.8551082611083984,43.832205003127456,39.974230448404946,0.8630428314208984,44.072959899902344,0.8551082611083984,44.10194398951717,40.374613444010414,0.8630428314208984,35.160064697265625,0.7621598243713379,35.181183004169725,6.33787727355957,0.7700943946838379,3.0029296875,13.5,182.25,12,,,,,
inference,llt,32,torch,9,none,passed,149717760,108,12,108,108,contextual-llt,float32,,experiments/l40s/results/contextual-llt/inference-llt-torch-r032-t09-none.json,49.172672271728516,0.8551082611083984,49.20628998661414,45.0641835530599,0.8630428314208984,49.2861442565918,0.8551082611083984,49.32701200596057,45.39118957519531,0.8630428314208984,39.738399505615234,0.7621598243713379,39.76087299815845,7.092565536499023,0.7700943946838379,3.0029296875,13.5,182.25,12,,,,,
inference,llt,32,torch,10,none,passed,149717760,120,12,120,120,contextual-llt,float32,,experiments/l40s/results/contextual-llt/inference-llt-torch-r032-t10-none.json,54.240257263183594,0.8551082611083984,54.27061099908315,49.9408213297526,0.8630428314208984,54.48191833496094,0.8551082611083984,54.50977799773682,50.31731160481771,0.8630428314208984,43.219966888427734,0.7621598243713379,43.24243500013836,7.847594579060872,0.7700943946838379,3.0029296875,13.5,182.25,12,,,,,
inference,llt,32,torch,11,none,passed,149717760,132,12,132,132,contextual-llt,float32,,experiments/l40s/results/contextual-llt/inference-llt-torch-r032-t11-none.json,59.17491149902344,0.8551082611083984,59.204623990808614,54.620157877604164,0.8630428314208984,59.36137771606445,0.8551082611083984,59.39159699482843,54.98265584309896,0.8630428314208984,48.00102233886719,0.7621598243713379,48.03137801354751,8.613834381103516,0.7700943946838379,3.0029296875,13.5,182.25,12,,,,,
inference,llt,32,torch,12,none,passed,149717760,144,12,144,144,contextual-llt,float32,,experiments/l40s/results/contextual-llt/inference-llt-torch-r032-t12-none.json,64.2344970703125,0.8551082611083984,64.29005801328458,59.52098083496094,0.8630428314208984,64.75059509277344,0.8551082611083984,64.78023600357119,59.86235555013021,0.8630428314208984,52.24550247192383,0.7621598243713379,52.27001600724179,9.371946970621744,0.7700943946838379,3.0029296875,13.5,182.25,12,,,,,
inference,llt,32,torch,13,none,passed,149717760,156,12,156,156,contextual-llt,float32,,experiments/l40s/results/contextual-llt/inference-llt-torch-r032-t13-none.json,70.58534240722656,0.8551082611083984,70.61372100724839,65.37489318847656,0.8630428314208984,70.91506958007812,0.8551082611083984,70.94375799351837,65.75069681803386,0.8630428314208984,55.90732955932617,0.7621598243713379,55.9285260096658,10.135882695515951,0.7700943946838379,3.0029296875,13.5,182.25,12,,,,,
inference,llt,32,torch,14,none,passed,149717760,168,12,168,168,contextual-llt,float32,,experiments/l40s/results/contextual-llt/inference-llt-torch-r032-t14-none.json,74.73458862304688,0.8551082611083984,74.76236698857974,69.38214619954427,0.8630428314208984,74.7325439453125,0.8551082611083984,74.75890401110519,69.83168029785156,0.8630428314208984,60.071937561035156,0.7621598243713379,60.095615990576334,10.888501485188803,0.7700943946838379,3.0029296875,13.5,182.25,12,,,,,
inference,llt,32,torch,15,none,passed,149717760,180,12,180,180,contextual-llt,float32,,experiments/l40s/results/contextual-llt/inference-llt-torch-r032-t15-none.json,80.35020446777344,0.8551082611083984,80.37961699301377,74.72196451822917,0.8630428314208984,80.45977783203125,0.8551082611083984,80.48882998991758,75.11415608723958,0.8630428314208984,64.395263671875,0.7621598243713379,64.41722800082061,11.6582400004069,0.7700943946838379,3.0029296875,13.5,182.25,12,,,,,
inference,llt,32,torch,16,none,passed,149717760,192,12,192,192,contextual-llt,float32,,experiments/l40s/results/contextual-llt/inference-llt-torch-r032-t16-none.json,85.05443572998047,0.8551082611083984,85.08202599477954,79.40090433756511,0.8630428314208984,85.21727752685547,0.8551082611083984,85.24804099579342,79.88053385416667,0.8630428314208984,67.44985961914062,0.7621598243713379,67.47073499718681,12.41531753540039,0.7700943946838379,3.0029296875,13.5,182.25,12,,,,,
inference,llt,64,torch,1,none,passed,150602496,12,12,12,12,contextual-llt,float32,,experiments/l40s/results/contextual-llt/inference-llt-torch-r064-t01-none.json,8.160256385803223,0.8958158493041992,8.181833996786736,6.264832178751628,0.8903255462646484,9.300992012023926,0.8964262008666992,9.322761005023494,6.584661483764648,0.8909358978271484,5.437376022338867,0.7976241111755371,5.458173996885307,1.1004587014516194,0.8055586814880371,6.005859375,27.0,182.8125,12,,,,,
inference,llt,64,torch,2,none,passed,150602496,24,12,24,24,contextual-llt,float32,,experiments/l40s/results/contextual-llt/inference-llt-torch-r064-t02-none.json,13.931488037109375,0.8958158493041992,13.955663001979701,11.834026336669922,0.8903255462646484,14.435327529907227,0.8964262008666992,14.468576002400368,12.22451146443685,0.8909358978271484,9.687104225158691,0.7976241111755371,9.715707987197675,1.9589120546976726,0.8055586814880371,6.005859375,27.0,182.8125,12,,,,,
inference,llt,64,torch,3,none,passed,150602496,36,12,36,36,contextual-llt,float32,,experiments/l40s/results/contextual-llt/inference-llt-torch-r064-t03-none.json,19.670015335083008,0.8958158493041992,19.72092199139297,17.48309326171875,0.8903255462646484,20.183040618896484,0.8964262008666992,20.20948100835085,17.85582987467448,0.8909358978271484,13.54751968383789,0.7976241111755371,13.569406000897288,2.817706743876139,0.8055586814880371,6.005859375,27.0,182.8125,12,,,,,
inference,llt,64,torch,4,none,passed,150602496,48,12,48,48,contextual-llt,float32,,experiments/l40s/results/contextual-llt/inference-llt-torch-r064-t04-none.json,25.51807975769043,0.8958158493041992,25.55744101118762,22.99084726969401,0.8903255462646484,25.999359130859375,0.8964262008666992,26.02388200466521,23.376553853352863,0.8909358978271484,18.528255462646484,0.7976241111755371,18.5645809979178,3.675818761189779,0.8055586814880371,6.005859375,27.0,182.8125,12,,,,,
inference,llt,64,torch,5,none,passed,150602496,60,12,60,60,contextual-llt,float32,,experiments/l40s/results/contextual-llt/inference-llt-torch-r064-t05-none.json,31.342592239379883,0.8958158493041992,31.368668991490267,28.638209025065105,0.8903255462646484,31.813631057739258,0.8964262008666992,31.843517994275317,29.137888590494793,0.8909358978271484,23.45574378967285,0.7976241111755371,23.47663399996236,4.532224019368489,0.8055586814880371,6.005859375,27.0,182.8125,12,,,,,
inference,llt,64,torch,6,none,passed,150602496,72,12,72,72,contextual-llt,float32,,experiments/l40s/results/contextual-llt/inference-llt-torch-r064-t06-none.json,37.18860626220703,0.8958158493041992,37.21446800045669,34.33062489827474,0.8903255462646484,37.826560974121094,0.8964262008666992,37.85486200649757,34.63918813069662,0.8909358978271484,26.446752548217773,0.7976241111755371,26.469339994946495,5.391018549601237,0.8055586814880371,6.005859375,27.0,182.8125,12,,,,,
inference,llt,64,torch,7,none,passed,150602496,84,12,84,84,contextual-llt,float32,,experiments/l40s/results/contextual-llt/inference-llt-torch-r064-t07-none.json,42.91276931762695,0.8958158493041992,42.944269996951334,39.87695058186849,0.8903255462646484,43.61830520629883,0.8964262008666992,43.660166003974155,40.308736165364586,0.8909358978271484,30.59916877746582,0.7976241111755371,30.63188400119543,6.250154495239258,0.8055586814880371,6.005859375,27.0,182.8125,12,,,,,
inference,llt,64,torch,8,none,passed,150602496,96,12,96,96,contextual-llt,float32,,experiments/l40s/results/contextual-llt/inference-llt-torch-r064-t08-none.json,48.6563835144043,0.8958158493041992,48.685765999834985,45.556396484375,0.8903255462646484,49.39775848388672,0.8964262008666992,49.43776399886701,45.981353759765625,0.8909358978271484,34.934783935546875,0.7976241111755371,34.960268007125705,7.108266830444336,0.8055586814880371,6.005859375,27.0,182.8125,12,,,,,
inference,llt,64,torch,9,none,passed,150602496,108,12,108,108,contextual-llt,float32,,experiments/l40s/results/contextual-llt/inference-llt-torch-r064-t09-none.json,54.577152252197266,0.8958158493041992,54.60962699726224,51.30681355794271,0.8903255462646484,55.35744094848633,0.8964262008666992,55.38626499765087,51.45907084147135,0.8909358978271484,38.23001480102539,0.7976241111755371,38.25173500808887,7.965695699055989,0.8055586814880371,6.005859375,27.0,182.8125,12,,,,,
inference,llt,64,torch,10,none,passed,150602496,120,12,120,120,contextual-llt,float32,,experiments/l40s/results/contextual-llt/inference-llt-torch-r064-t10-none.json,60.56857681274414,0.8958158493041992,60.59874199854676,57.01563517252604,0.8903255462646484,61.49942398071289,0.8964262008666992,61.53322200407274,57.32113138834635,0.8909358978271484,42.33932876586914,0.7976241111755371,42.36251399561297,8.821760177612305,0.8055586814880371,6.005859375,27.0,182.8125,12,,,,,
inference,llt,64,torch,11,none,passed,150602496,132,12,132,132,contextual-llt,float32,,experiments/l40s/results/contextual-llt/inference-llt-torch-r064-t11-none.json,66.71577453613281,0.8958158493041992,66.74481900699902,62.61009216308594,0.8903255462646484,67.0739517211914,0.8964262008666992,67.10201500391122,62.97224426269531,0.8909358978271484,47.281150817871094,0.7976241111755371,47.30380800901912,9.683285395304361,0.8055586814880371,6.005859375,27.0,182.8125,12,,,,,
inference,llt,64,torch,12,none,passed,150602496,144,12,144,144,contextual-llt,float32,,experiments/l40s/results/contextual-llt/inference-llt-torch-r064-t12-none.json,71.72096252441406,0.8958158493041992,71.77404100366402,67.89905293782552,0.8903255462646484,72.4316177368164,0.8964262008666992,72.46285000292119,68.2816874186198,0.8909358978271484,50.03878402709961,0.7976241111755371,50.06478700670414,10.541738510131836,0.8055586814880371,6.005859375,27.0,182.8125,12,,,,,
inference,llt,64,torch,13,none,passed,150602496,156,12,156,156,contextual-llt,float32,,experiments/l40s/results/contextual-llt/inference-llt-torch-r064-t13-none.json,78.17011260986328,0.8958158493041992,78.21483099542093,73.92631530761719,0.8903255462646484,79.2074203491211,0.8964262008666992,79.23769499757327,74.3212381998698,0.8909358978271484,57.34092712402344,0.7976241111755371,57.36242400598712,11.39950942993164,0.8055586814880371,6.005859375,27.0,182.8125,12,,,,,
inference,llt,64,torch,14,none,passed,150602496,168,12,168,168,contextual-llt,float32,,experiments/l40s/results/contextual-llt/inference-llt-torch-r064-t14-none.json,83.52252960205078,0.8958158493041992,83.55053099512588,79.22073364257812,0.8903255462646484,84.47897338867188,0.8964262008666992,84.51243299350608,79.73717244466145,0.8909358978271484,61.74105453491211,0.7976241111755371,61.762842000462115,12.258645375569662,0.8055586814880371,6.005859375,27.0,182.8125,12,,,,,
inference,llt,64,torch,15,none,passed,150602496,180,12,180,180,contextual-llt,float32,,experiments/l40s/results/contextual-llt/inference-llt-torch-r064-t15-none.json,89.60511779785156,0.8958158493041992,89.6405399980722,84.96844991048177,0.8903255462646484,90.50418853759766,0.8964262008666992,90.54492099676281,85.47873942057292,0.8909358978271484,65.71408081054688,0.7976241111755371,65.75814798998181,13.117717742919922,0.8055586814880371,6.005859375,27.0,182.8125,12,,,,,
inference,llt,64,torch,16,none,passed,150602496,192,12,192,192,contextual-llt,float32,,experiments/l40s/results/contextual-llt/inference-llt-torch-r064-t16-none.json,95.02515411376953,0.8958158493041992,95.06560300360434,90.67246500651042,0.8903255462646484,96.3788833618164,0.8964262008666992,96.4104029990267,91.13566080729167,0.8909358978271484,66.82828521728516,0.7976241111755371,66.84978799603414,13.97760009765625,0.8055586814880371,6.005859375,27.0,182.8125,12,,,,,
inference,llt,128,torch,1,none,passed,152371968,12,12,12,12,contextual-llt,float32,,experiments/l40s/results/contextual-llt/inference-llt-torch-r128-t01-none.json,9.621503829956055,0.9412288665771484,9.646389007684775,7.744831720987956,0.9419612884521484,10.138463973999023,0.9412288665771484,10.15999099763576,8.180394490559896,0.9425716400146484,5.389376163482666,0.8409647941589355,5.417594002210535,1.178282658259074,0.8488993644714355,12.01171875,54.0,183.9375,12,,,,,
inference,llt,128,torch,2,none,passed,152371968,24,12,24,24,contextual-llt,float32,,experiments/l40s/results/contextual-llt/inference-llt-torch-r128-t02-none.json,16.969728469848633,0.9412288665771484,16.99513899802696,14.697130839029947,0.9419612884521484,17.37727928161621,0.9412288665771484,17.402348996256478,15.169194539388021,0.9425716400146484,10.150912284851074,0.8409647941589355,10.17210200370755,2.11080535252889,0.8488993644714355,12.01171875,54.0,183.9375,12,,,,,
inference,llt,128,torch,3,none,passed,152371968,36,12,36,36,contextual-llt,float32,,experiments/l40s/results/contextual-llt/inference-llt-torch-r128-t03-none.json,24.247295379638672,0.9412288665771484,24.273674993310124,21.74322255452474,0.9419612884521484,24.660991668701172,0.9412288665771484,24.68914500786923,22.196566263834637,0.9425716400146484,14.25715160369873,0.8409647941589355,14.286164005170576,3.041621208190918,0.8488993644714355,12.01171875,54.0,183.9375,12,,,,,
inference,llt,128,torch,4,none,passed,152371968,48,12,48,48,contextual-llt,float32,,experiments/l40s/results/contextual-llt/inference-llt-torch-r128-t04-none.json,31.4019832611084,0.9412288665771484,31.42807399854064,28.6211420694987,0.9419612884521484,31.771648406982422,0.9412288665771484,31.79897100199014,29.140309651692707,0.9425716400146484,18.25177574157715,0.8409647941589355,18.27231999777723,3.972778638203939,0.8488993644714355,12.01171875,54.0,183.9375,12,,,,,
inference,llt,128,torch,5,none,passed,152371968,60,12,60,60,contextual-llt,float32,,experiments/l40s/results/contextual-llt/inference-llt-torch-r128-t05-none.json,38.88742446899414,0.9412288665771484,38.91499899327755,35.81610616048177,0.9419612884521484,39.17603302001953,0.9412288665771484,39.21128698857501,36.31172180175781,0.9425716400146484,22.46758460998535,0.8409647941589355,22.507876987219788,4.903200149536133,0.8488993644714355,12.01171875,54.0,183.9375,12,,,,,
inference,llt,128,torch,6,none,passed,152371968,72,12,72,72,contextual-llt,float32,,experiments/l40s/results/contextual-llt/inference-llt-torch-r128-t06-none.json,46.18751907348633,0.9412288665771484,46.216349001042545,42.93666076660156,0.9419612884521484,46.515201568603516,0.9412288665771484,46.54373700032011,43.47460428873698,0.9425716400146484,26.434560775756836,0.8409647941589355,26.45630699407775,5.834357579549153,0.8488993644714355,12.01171875,54.0,183.9375,12,,,,,
inference,llt,128,torch,7,none,passed,152371968,84,12,84,84,contextual-llt,float32,,experiments/l40s/results/contextual-llt/inference-llt-torch-r128-t07-none.json,53.738494873046875,0.9412288665771484,53.79043100401759,50.05346171061198,0.9419612884521484,54.02214431762695,0.9412288665771484,54.05323699233122,50.564778645833336,0.9425716400146484,32.03993606567383,0.8409647941589355,32.062333993962966,6.765535990397136,0.8488993644714355,12.01171875,54.0,183.9375,12,,,,,
inference,llt,128,torch,8,none,passed,152371968,96,12,96,96,contextual-llt,float32,,experiments/l40s/results/contextual-llt/inference-llt-torch-r128-t08-none.json,60.80307388305664,0.9412288665771484,60.83344000217039,56.95727030436198,0.9419612884521484,61.0682258605957,0.9412288665771484,61.10825699579436,57.60546366373698,0.9425716400146484,35.2911376953125,0.8409647941589355,35.31205099716317,7.696383794148763,0.8488993644714355,12.01171875,54.0,183.9375,12,,,,,
inference,llt,128,torch,9,none,passed,152371968,108,12,108,108,contextual-llt,float32,,experiments/l40s/results/contextual-llt/inference-llt-torch-r128-t09-none.json,68.2455062866211,0.9412288665771484,68.27751299715601,63.98188781738281,0.9419612884521484,68.42060852050781,0.9412288665771484,68.45070800045505,64.50926717122395,0.9425716400146484,40.95897674560547,0.8409647941589355,40.98114099178929,8.629589080810547,0.8488993644714355,12.01171875,54.0,183.9375,12,,,,,
inference,llt,128,torch,10,none,passed,152371968,120,12,120,120,contextual-llt,float32,,experiments/l40s/results/contextual-llt/inference-llt-torch-r128-t10-none.json,75.08172607421875,0.9412288665771484,75.1137449988164,70.54165140787761,0.9419612884521484,75.27423858642578,0.9412288665771484,75.30371999018826,71.14752197265625,0.9425716400146484,42.914817810058594,0.8409647941589355,42.93531698931474,9.561429341634115,0.8488993644714355,12.01171875,54.0,183.9375,12,,,,,
inference,llt,128,torch,11,none,passed,152371968,132,12,132,132,contextual-llt,float32,,experiments/l40s/results/contextual-llt/inference-llt-torch-r128-t11-none.json,82.54054260253906,0.9412288665771484,82.5717959960457,78.0035400390625,0.9419612884521484,82.77299499511719,0.9412288665771484,82.8061920037726,78.66402180989583,0.9425716400146484,47.629310607910156,0.8409647941589355,47.66474499774631,10.488831837972006,0.8488993644714355,12.01171875,54.0,183.9375,12,,,,,
inference,llt,128,torch,12,none,passed,152371968,144,12,144,144,contextual-llt,float32,,experiments/l40s/results/contextual-llt/inference-llt-torch-r128-t12-none.json,90.461181640625,0.9412288665771484,90.49278900783975,85.40091959635417,0.9419612884521484,90.79398345947266,0.9412288665771484,90.82401500199921,86.1610616048177,0.9425716400146484,53.42515182495117,0.8409647941589355,53.448439997737296,11.43329111735026,0.8488993644714355,12.01171875,54.0,183.9375,12,,,,,
inference,llt,128,torch,13,none,passed,152371968,156,12,156,156,contextual-llt,float32,,experiments/l40s/results/contextual-llt/inference-llt-torch-r128-t13-none.json,96.86323547363281,0.9412288665771484,96.89712899853475,91.56369018554688,0.9419612884521484,96.97382354736328,0.9412288665771484,97.00608099228702,92.34056599934895,0.9425716400146484,57.376670837402344,0.8409647941589355,57.41967099311296,12.356554667154947,0.8488993644714355,12.01171875,54.0,183.9375,12,,,,,
inference,llt,128,torch,14,none,passed,152371968,168,12,168,168,contextual-llt,float32,,experiments/l40s/results/contextual-llt/inference-llt-torch-r128-t14-none.json,104.7224349975586,0.9412288665771484,104.75306800799444,99.26177978515625,0.9419612884521484,104.71526336669922,0.9412288665771484,104.74537400295958,99.9751688639323,0.9425716400146484,60.33203125,0.8409647941589355,60.35709699790459,13.286741892496744,0.8488993644714355,12.01171875,54.0,183.9375,12,,,,,
inference,llt,128,torch,15,none,passed,152371968,180,12,180,180,contextual-llt,float32,,experiments/l40s/results/contextual-llt/inference-llt-torch-r128-t15-none.json,111.39469146728516,0.9412288665771484,111.42762599047273,105.5484619140625,0.9419612884521484,111.63648223876953,0.9412288665771484,111.66766000678763,106.38608805338542,0.9425716400146484,64.89190673828125,0.8409647941589355,64.91402699612081,14.21789805094401,0.8488993644714355,12.01171875,54.0,183.9375,12,,,,,
inference,llt,128,torch,16,none,passed,152371968,192,12,192,192,contextual-llt,float32,,experiments/l40s/results/contextual-llt/inference-llt-torch-r128-t16-none.json,119.45471954345703,0.9412288665771484,119.48881699936464,113.30560302734375,0.9419612884521484,119.20393371582031,0.9412288665771484,119.23660000320524,113.9636942545573,0.9425716400146484,68.9090576171875,0.8409647941589355,68.93250699795317,15.148714701334635,0.8488993644714355,12.01171875,54.0,183.9375,12,,,,,
training,llt,32,tensor,1,ac,passed,149717760,12,12,12,12,contextual-llt,float32,,experiments/l40s/results/contextual-llt/training-llt-tensor-r032-t01-ac.json,,,,,,,,,,,,,,,,,,,,83.18563079833984,2.6541028022766113,83.21147700189613,44.6904296875,2.654101848602295
training,llt,32,tensor,1,none,passed,149717760,12,12,12,12,contextual-llt,float32,,experiments/l40s/results/contextual-llt/training-llt-tensor-r032-t01-none.json,,,,,,,,,,,,,,,,,,,,60.84096145629883,3.7887463569641113,60.864177998155355,38.9737803141276,3.788012981414795
training,llt,32,tensor,2,ac,passed,149717760,24,12,24,24,contextual-llt,float32,,experiments/l40s/results/contextual-llt/training-llt-tensor-r032-t02-ac.json,,,,,,,,,,,,,,,,,,,,132.5496368408203,2.800825595855713,132.57570999849122,71.75919087727864,2.8015599250793457
training,llt,32,tensor,2,none,passed,149717760,24,12,24,24,contextual-llt,float32,,experiments/l40s/results/contextual-llt/training-llt-tensor-r032-t02-none.json,,,,,,,,,,,,,,,,,,,,88.14582061767578,5.072559833526611,88.16985700104851,60.14634704589844,5.072314739227295
training,llt,32,tensor,3,ac,passed,149717760,36,12,36,36,contextual-llt,float32,,experiments/l40s/results/contextual-llt/training-llt-tensor-r032-t03-ac.json,,,,,,,,,,,,,,,,,,,,182.47885131835938,2.9406018257141113,182.5048210012028,98.677734375,2.940725803375244
training,llt,32,tensor,3,none,passed,149717760,36,12,36,36,contextual-llt,float32,,experiments/l40s/results/contextual-llt/training-llt-tensor-r032-t03-none.json,,,,,,,,,,,,,,,,,,,,122.9854736328125,6.356129169464111,123.00953100202605,81.3322245279948,6.351489543914795
training,llt,32,tensor,4,ac,passed,149717760,48,12,48,48,contextual-llt,float32,,experiments/l40s/results/contextual-llt/training-llt-tensor-r032-t04-ac.json,,,,,,,,,,,,,,,,,,,,229.29193115234375,3.0800061225891113,229.31870899628848,125.77553304036458,3.080374240875244
training,llt,32,tensor,4,none,passed,149717760,48,12,48,48,contextual-llt,float32,,experiments/l40s/results/contextual-llt/training-llt-tensor-r032-t04-none.json,,,,,,,,,,,,,,,,,,,,153.45663452148438,7.622852802276611,153.4801239904482,102.70993041992188,7.619678020477295
training,llt,32,tensor,5,ac,passed,149717760,60,12,60,60,contextual-llt,float32,,experiments/l40s/results/contextual-llt/training-llt-tensor-r032-t05-ac.json,,,,,,,,,,,,,,,,,,,,266.5236511230469,3.2198987007141113,266.55972001026385,152.58248901367188,3.220266819000244
training,llt,32,tensor,5,none,passed,149717760,60,12,60,60,contextual-llt,float32,,experiments/l40s/results/contextual-llt/training-llt-tensor-r032-t05-none.json,,,,,,,,,,,,,,,,,,,,183.14752197265625,8.891041278839111,183.16962799872272,123.7408447265625,8.887866497039795
training,llt,32,tensor,6,ac,passed,149717760,72,12,72,72,contextual-llt,float32,,experiments/l40s/results/contextual-llt/training-llt-tensor-r032-t06-ac.json,,,,,,,,,,,,,,,,,,,,331.1902770996094,3.3605237007141113,331.2196879996918,179.74715169270834,3.360891819000244
training,llt,32,tensor,6,none,passed,149717760,72,12,72,72,contextual-llt,float32,,experiments/l40s/results/contextual-llt/training-llt-tensor-r032-t06-none.json,,,,,,,,,,,,,,,,,,,,207.6559295654297,10.159229755401611,207.67829100077506,145.18989054361978,10.156054973602295
training,llt,32,tensor,7,ac,passed,149717760,84,12,84,84,contextual-llt,float32,,experiments/l40s/results/contextual-llt/training-llt-tensor-r032-t07-ac.json,,,,,,,,,,,,,,,,,,,,376.79205322265625,3.5011487007141113,376.82076000783127,206.9575398763021,3.501516819000244
training,llt,32,tensor,7,none,passed,149717760,84,12,84,84,contextual-llt,float32,,experiments/l40s/results/contextual-llt/training-llt-tensor-r032-t07-none.json,,,,,,,,,,,,,,,,,,,,238.55308532714844,11.427418231964111,238.57746899011545,166.80546061197916,11.424243450164795
training,llt,32,tensor,8,ac,passed,149717760,96,12,96,96,contextual-llt,float32,,experiments/l40s/results/contextual-llt/training-llt-tensor-r032-t08-ac.json,,,,,,,,,,,,,,,,,,,,427.9060363769531,3.6417737007141113,427.9338980122702,233.99173990885416,3.642141819000244
training,llt,32,tensor,8,none,passed,149717760,96,12,96,96,contextual-llt,float32,,experiments/l40s/results/contextual-llt/training-llt-tensor-r032-t08-none.json,,,,,,,,,,,,,,,,,,,,271.9161071777344,12.695606708526611,271.9441130029736,188.2784423828125,12.692431926727295
training,llt,32,tensor,9,ac,passed,149717760,108,12,108,108,contextual-llt,float32,,experiments/l40s/results/contextual-llt/training-llt-tensor-r032-t09-ac.json,,,,,,,,,,,,,,,,,,,,474.34234619140625,3.7823987007141113,474.3704699940281,261.7606201171875,3.782766819000244
training,llt,32,tensor,9,none,passed,149717760,108,12,108,108,contextual-llt,float32,,experiments/l40s/results/contextual-llt/training-llt-tensor-r032-t09-none.json,,,,,,,,,,,,,,,,,,,,297.85498046875,13.963795185089111,297.8788640029961,209.70052083333334,13.960620403289795
training,llt,32,tensor,10,ac,passed,149717760,120,12,120,120,contextual-llt,float32,,experiments/l40s/results/contextual-llt/training-llt-tensor-r032-t10-ac.json,,,,,,,,,,,,,,,,,,,,531.7354125976562,3.9230237007141113,531.7667499912204,288.36147054036456,3.923391819000244
training,llt,32,tensor,10,none,passed,149717760,120,12,120,120,contextual-llt,float32,,experiments/l40s/results/contextual-llt/training-llt-tensor-r032-t10-none.json,,,,,,,,,,,,,,,,,,,,332.769287109375,15.231983661651611,332.79685700836126,230.6942342122396,15.228808879852295
training,llt,32,tensor,11,ac,passed,149717760,132,12,132,132,contextual-llt,float32,,experiments/l40s/results/contextual-llt/training-llt-tensor-r032-t11-ac.json,,,,,,,,,,,,,,,,,,,,569.6624755859375,4.063648700714111,569.6930389967747,314.3195393880208,4.064016819000244
training,llt,32,tensor,11,none,passed,149717760,132,12,132,132,contextual-llt,float32,,experiments/l40s/results/contextual-llt/training-llt-tensor-r032-t11-none.json,,,,,,,,,,,,,,,,,,,,366.3011779785156,16.50017213821411,366.32827200810425,251.43157958984375,16.496997356414795
training,llt,32,tensor,12,ac,passed,149717760,144,12,144,144,contextual-llt,float32,,experiments/l40s/results/contextual-llt/training-llt-tensor-r032-t12-ac.json,,,,,,,,,,,,,,,,,,,,622.9954833984375,4.204273700714111,623.0240220029373,343.3704020182292,4.204641819000244
training,llt,32,tensor,12,none,passed,149717760,144,12,144,144,contextual-llt,float32,,experiments/l40s/results/contextual-llt/training-llt-tensor-r032-t12-none.json,,,,,,,,,,,,,,,,,,,,394.6280822753906,17.76836061477661,394.6535610011779,273.63771565755206,17.765185832977295
training,llt,32,tensor,13,ac,passed,149717760,156,12,156,156,contextual-llt,float32,,experiments/l40s/results/contextual-llt/training-llt-tensor-r032-t13-ac.json,,,,,,,,,,,,,,,,,,,,677.4342651367188,4.344898700714111,677.4705169955269,370.7719319661458,4.345266819000244
training,llt,32,tensor,13,none,passed,149717760,156,12,156,156,contextual-llt,float32,,experiments/l40s/results/contextual-llt/training-llt-tensor-r032-t13-none.json,,,,,,,,,,,,,,,,,,,,430.47320556640625,19.03654909133911,430.502281000372,296.01995849609375,19.033374309539795
training,llt,32,tensor,14,ac,passed,149717760,168,12,168,168,contextual-llt,float32,,experiments/l40s/results/contextual-llt/training-llt-tensor-r032-t14-ac.json,,,,,,,,,,,,,,,,,,,,731.2803955078125,4.485523700714111,731.3109099923167,395.6274820963542,4.485891819000244
training,llt,32,tensor,14,none,passed,149717760,168,12,168,168,contextual-llt,float32,,experiments/l40s/results/contextual-llt/training-llt-tensor-r032-t14-none.json,,,,,,,,,,,,,,,,,,,,469.07281494140625,20.30473756790161,469.09959299955517,315.31622314453125,20.301562786102295
training,llt,32,tensor,15,ac,passed,149717760,180,12,180,180,contextual-llt,float32,,experiments/l40s/results/contextual-llt/training-llt-tensor-r032-t15-ac.json,,,,,,,,,,,,,,,,,,,,782.1181030273438,4.626148700714111,782.1520160068758,423.0832926432292,4.626516819000244
training,llt,32,tensor,15,none,passed,149717760,180,12,180,180,contextual-llt,float32,,experiments/l40s/results/contextual-llt/training-llt-tensor-r032-t15-none.json,,,,,,,,,,,,,,,,,,,,491.96337890625,21.57292604446411,492.0064129983075,337.4114176432292,21.569751262664795
training,llt,32,tensor,16,ac,passed,149717760,192,12,192,192,contextual-llt,float32,,experiments/l40s/results/contextual-llt/training-llt-tensor-r032-t16-ac.json,,,,,,,,,,,,,,,,,,,,842.3812866210938,4.766773700714111,842.4105899903225,449.7862141927083,4.767141819000244
training,llt,32,tensor,16,none,passed,149717760,192,12,192,192,contextual-llt,float32,,experiments/l40s/results/contextual-llt/training-llt-tensor-r032-t16-none.json,,,,,,,,,,,,,,,,,,,,519.5448608398438,22.84111452102661,519.5741170027759,358.0666097005208,22.837939739227295
training,llt,64,tensor,1,ac,passed,150602496,12,12,12,12,contextual-llt,float32,,experiments/l40s/results/contextual-llt/training-llt-tensor-r064-t01-ac.json,,,,,,,,,,,,,,,,,,,,82.14527893066406,2.6998705863952637,82.17037400754634,48.82568359375,2.683035373687744
training,llt,64,tensor,1,none,passed,150602496,12,12,12,12,contextual-llt,float32,,experiments/l40s/results/contextual-llt/training-llt-tensor-r064-t01-none.json,,,,,,,,,,,,,,,,,,,,59.32851028442383,3.986128330230713,59.34990099922288,42.48302968343099,3.968066692352295
training,llt,64,tensor,2,ac,passed,150602496,24,12,24,24,contextual-llt,float32,,experiments/l40s/results/contextual-llt/training-llt-tensor-r064-t02-ac.json,,,,,,,,,,,,,,,,,,,,128.8797149658203,2.844892978668213,128.9028960018186,79.61736551920573,2.8285374641418457
training,llt,64,tensor,2,none,passed,150602496,24,12,24,24,contextual-llt,float32,,experiments/l40s/results/contextual-llt/training-llt-tensor-r064-t02-none.json,,,,,,,,,,,,,,,,,,,,91.4862060546875,5.406294345855713,91.51002900034655,66.79961649576823,5.391528606414795
training,llt,64,tensor,3,ac,passed,150602496,36,12,36,36,contextual-llt,float32,,experiments/l40s/results/contextual-llt/training-llt-tensor-r064-t03-ac.json,,,,,,,,,,,,,,,,,,,,180.2761993408203,2.985273838043213,180.3024950058898,110.51725260416667,2.970386028289795
training,llt,64,tensor,3,none,passed,150602496,36,12,36,36,contextual-llt,float32,,experiments/l40s/results/contextual-llt/training-llt-tensor-r064-t03-none.json,,,,,,,,,,,,,,,,,,,,119.73632049560547,6.813642978668213,119.77213800128084,91.3208719889323,6.800342082977295
training,llt,64,tensor,4,ac,passed,150602496,48,12,48,48,contextual-llt,float32,,experiments/l40s/results/contextual-llt/training-llt-tensor-r064-t04-ac.json,,,,,,,,,,,,,,,,,,,,230.96832275390625,3.122480869293213,231.00419899856206,141.03756713867188,3.110766887664795
training,llt,64,tensor,4,none,passed,150602496,48,12,48,48,contextual-llt,float32,,experiments/l40s/results/contextual-llt/training-llt-tensor-r064-t04-none.json,,,,,,,,,,,,,,,,,,,,154.76121520996094,8.222456455230713,154.78755900403485,115.70619710286458,8.209155559539795
training,llt,64,tensor,5,ac,passed,150602496,60,12,60,60,contextual-llt,float32,,experiments/l40s/results/contextual-llt/training-llt-tensor-r064-t05-ac.json,,,,,,,,,,,,,,,,,,,,274.4023132324219,3.261152744293213,274.428001997876,171.7763468424479,3.251391887664795
training,llt,64,tensor,5,none,passed,150602496,60,12,60,60,contextual-llt,float32,,experiments/l40s/results/contextual-llt/training-llt-tensor-r064-t05-none.json,,,,,,,,,,,,,,,,,,,,180.40115356445312,9.631269931793213,180.425736005418,140.14018758138022,9.617969036102295
training,llt,64,tensor,6,ac,passed,150602496,72,12,72,72,contextual-llt,float32,,experiments/l40s/results/contextual-llt/training-llt-tensor-r064-t06-ac.json,,,,,,,,,,,,,,,,,,,,326.7215270996094,3.401777744293213,326.7578110098839,202.54754638671875,3.392016887664795
training,llt,64,tensor,6,none,passed,150602496,72,12,72,72,contextual-llt,float32,,experiments/l40s/results/contextual-llt/training-llt-tensor-r064-t06-none.json,,,,,,,,,,,,,,,,,,,,211.5952606201172,11.040083408355713,211.62110900331754,164.6595458984375,11.026782512664795
training,llt,64,tensor,7,ac,passed,150602496,84,12,84,84,contextual-llt,float32,,experiments/l40s/results/contextual-llt/training-llt-tensor-r064-t07-ac.json,,,,,,,,,,,,,,,,,,,,375.85614013671875,3.542402744293213,375.8833800093271,234.03006998697916,3.532641887664795
training,llt,64,tensor,7,none,passed,150602496,84,12,84,84,contextual-llt,float32,,experiments/l40s/results/contextual-llt/training-llt-tensor-r064-t07-none.json,,,,,,,,,,,,,,,,,,,,243.99974060058594,12.448896884918213,244.02545600605663,189.6447957356771,12.435595989227295
training,llt,64,tensor,8,ac,passed,150602496,96,12,96,96,contextual-llt,float32,,experiments/l40s/results/contextual-llt/training-llt-tensor-r064-t08-ac.json,,,,,,,,,,,,,,,,,,,,415.7347717285156,3.683027744293213,415.7635500014294,264.59954833984375,3.673266887664795
training,llt,64,tensor,8,none,passed,150602496,96,12,96,96,contextual-llt,float32,,experiments/l40s/results/contextual-llt/training-llt-tensor-r064-t08-none.json,,,,,,,,,,,,,,,,,,,,270.2591552734375,13.857710361480713,270.2847269974882,213.95831298828125,13.844409465789795
training,llt,64,tensor,9,ac,passed,150602496,108,12,108,108,contextual-llt,float32,,experiments/l40s/results/contextual-llt/training-llt-tensor-r064-t09-ac.json,,,,,,,,,,,,,,,,,,,,478.1967468261719,3.823652744293213,478.24344800028484,295.3972981770833,3.813891887664795
training,llt,64,tensor,9,none,passed,150602496,108,12,108,108,contextual-llt,float32,,experiments/l40s/results/contextual-llt/training-llt-tensor-r064-t09-none.json,,,,,,,,,,,,,,,,,,,,297.0828857421875,15.266523838043213,297.11166699416935,238.87495930989584,15.253222942352295
training,llt,64,tensor,10,ac,passed,150602496,120,12,120,120,contextual-llt,float32,,experiments/l40s/results/contextual-llt/training-llt-tensor-r064-t10-ac.json,,,,,,,,,,,,,,,,,,,,523.07763671875,3.964277744293213,523.1060430087382,326.43243408203125,3.954516887664795
training,llt,64,tensor,10,none,passed,150602496,120,12,120,120,contextual-llt,float32,,experiments/l40s/results/contextual-llt/training-llt-tensor-r064-t10-none.json,,,,,,,,,,,,,,,,,,,,330.5902099609375,16.675337314605713,330.6179950013757,263.54345703125,16.662036418914795
training,llt,64,tensor,11,ac,passed,150602496,132,12,132,132,contextual-llt,float32,,experiments/l40s/results/contextual-llt/training-llt-tensor-r064-t11-ac.json,,,,,,,,,,,,,,,,,,,,574.7670288085938,4.104902744293213,574.8008660011692,357.3182779947917,4.095141887664795
training,llt,64,tensor,11,none,passed,150602496,132,12,132,132,contextual-llt,float32,,experiments/l40s/results/contextual-llt/training-llt-tensor-r064-t11-none.json,,,,,,,,,,,,,,,,,,,,361.1627502441406,18.084150791168213,361.1931550112786,287.23268636067706,18.070849895477295
training,llt,64,tensor,12,ac,passed,150602496,144,12,144,144,contextual-llt,float32,,experiments/l40s/results/contextual-llt/training-llt-tensor-r064-t12-ac.json,,,,,,,,,,,,,,,,,,,,639.3876342773438,4.245527744293213,639.41942701058,386.6279296875,4.235766887664795
training,llt,64,tensor,12,none,passed,150602496,144,12,144,144,contextual-llt,float32,,experiments/l40s/results/contextual-llt/training-llt-tensor-r064-t12-none.json,,,,,,,,,,,,,,,,,,,,396.7948303222656,19.492964267730713,396.82206699217204,311.60011800130206,19.479663372039795
training,llt,64,tensor,13,ac,passed,150602496,156,12,156,156,contextual-llt,float32,,experiments/l40s/results/contextual-llt/training-llt-tensor-r064-t13-ac.json,,,,,,,,,,,,,,,,,,,,679.4874877929688,4.386152744293213,679.5183200010797,419.5519205729167,4.376391887664795
training,llt,64,tensor,13,none,passed,150602496,156,12,156,156,contextual-llt,float32,,experiments/l40s/results/contextual-llt/training-llt-tensor-r064-t13-none.json,,,,,,,,,,,,,,,,,,,,414.1097106933594,20.901777744293213,414.13936000026297,337.6704915364583,20.888476848602295
training,llt,64,tensor,14,ac,passed,150602496,168,12,168,168,contextual-llt,float32,,experiments/l40s/results/contextual-llt/training-llt-tensor-r064-t14-ac.json,,,,,,,,,,,,,,,,,,,,730.7807006835938,4.526777744293213,730.8089389989618,449.4888916015625,4.517016887664795
training,llt,64,tensor,14,none,passed,150602496,168,12,168,168,contextual-llt,float32,,experiments/l40s/results/contextual-llt/training-llt-tensor-r064-t14-none.json,,,,,,,,,,,,,,,,,,,,460.38836669921875,22.310591220855713,460.4294759919867,361.2678629557292,22.297290325164795
training,llt,64,tensor,15,ac,passed,150602496,180,12,180,180,contextual-llt,float32,,experiments/l40s/results/contextual-llt/training-llt-tensor-r064-t15-ac.json,,,,,,,,,,,,,,,,,,,,767.9436645507812,4.667402744293213,767.9783960047644,479.8426513671875,4.657641887664795
training,llt,64,tensor,15,none,passed,150602496,180,12,180,180,contextual-llt,float32,,experiments/l40s/results/contextual-llt/training-llt-tensor-r064-t15-none.json,,,,,,,,,,,,,,,,,,,,480.31536865234375,23.719404697418213,480.3450269973837,386.5265299479167,23.706103801727295
training,llt,64,tensor,16,ac,passed,150602496,192,12,192,192,contextual-llt,float32,,experiments/l40s/results/contextual-llt/training-llt-tensor-r064-t16-ac.json,,,,,,,,,,,,,,,,,,,,810.735595703125,4.808027744293213,810.7909649988869,511.0760904947917,4.798266887664795
training,llt,64,tensor,16,none,passed,150602496,192,12,192,192,contextual-llt,float32,,experiments/l40s/results/contextual-llt/training-llt-tensor-r064-t16-none.json,,,,,,,,,,,,,,,,,,,,514.650146484375,25.128218173980713,514.6791959996335,410.4041341145833,25.114917278289795
training,llt,128,tensor,1,ac,passed,152371968,12,12,12,12,contextual-llt,float32,,experiments/l40s/results/contextual-llt/training-llt-tensor-r128-t01-ac.json,,,,,,,,,,,,,,,,,,,,82.83340454101562,2.7264933586120605,82.85592100583017,60.00298563639323,2.7264952659606934
training,llt,128,tensor,1,none,passed,152371968,12,12,12,12,contextual-llt,float32,,experiments/l40s/results/contextual-llt/training-llt-tensor-r128-t01-none.json,,,,,,,,,,,,,,,,,,,,61.17580795288086,4.3181681632995605,61.204003999591805,51.58331807454427,4.314507961273193
training,llt,128,tensor,2,ac,passed,152371968,24,12,24,24,contextual-llt,float32,,experiments/l40s/results/contextual-llt/training-llt-tensor-r128-t02-ac.json,,,,,,,,,,,,,,,,,,,,132.28749084472656,2.878343105316162,132.3368430021219,101.8811747233073,2.877612590789795
training,llt,128,tensor,2,none,passed,152371968,24,12,24,24,contextual-llt,float32,,experiments/l40s/results/contextual-llt/training-llt-tensor-r128-t02-none.json,,,,,,,,,,,,,,,,,,,,97.30560302734375,6.009934902191162,97.33493000385351,85.44085693359375,6.002124309539795
training,llt,128,tensor,3,ac,passed,152371968,36,12,36,36,contextual-llt,float32,,experiments/l40s/results/contextual-llt/training-llt-tensor-r128-t03-ac.json,,,,,,,,,,,,,,,,,,,,181.37295532226562,3.020432949066162,181.39885499840602,143.41222127278647,3.018237590789795
training,llt,128,tensor,3,none,passed,152371968,36,12,36,36,contextual-llt,float32,,experiments/l40s/results/contextual-llt/training-llt-tensor-r128-t03-none.json,,,,,,,,,,,,,,,,,,,,134.06227111816406,7.699998378753662,134.09365799452644,119.03725179036458,7.692187786102295
training,llt,128,tensor,4,ac,passed,152371968,48,12,48,48,contextual-llt,float32,,experiments/l40s/results/contextual-llt/training-llt-tensor-r128-t04-ac.json,,,,,,,,,,,,,,,,,,,,231.68307495117188,3.160081386566162,231.710085994564,184.6807861328125,3.158618450164795
training,llt,128,tensor,4,none,passed,152371968,48,12,48,48,contextual-llt,float32,,experiments/l40s/results/contextual-llt/training-llt-tensor-r128-t04-none.json,,,,,,,,,,,,,,,,,,,,169.71571350097656,9.390061855316162,169.74551999010146,152.41316731770834,9.382251262664795
training,llt,128,tensor,5,ac,passed,152371968,60,12,60,60,contextual-llt,float32,,experiments/l40s/results/contextual-llt/training-llt-tensor-r128-t05-ac.json,,,,,,,,,,,,,,,,,,,,278.29351806640625,3.300706386566162,278.3224250015337,227.31195068359375,3.299243450164795
training,llt,128,tensor,5,none,passed,152371968,60,12,60,60,contextual-llt,float32,,experiments/l40s/results/contextual-llt/training-llt-tensor-r128-t05-none.json,,,,,,,,,,,,,,,,,,,,206.6288604736328,11.080125331878662,206.67048999166582,186.5482177734375,11.072314739227295
training,llt,128,tensor,6,ac,passed,152371968,72,12,72,72,contextual-llt,float32,,experiments/l40s/results/contextual-llt/training-llt-tensor-r128-t06-ac.json,,,,,,,,,,,,,,,,,,,,325.64532470703125,3.441331386566162,325.7205699919723,268.85422770182294,3.439868450164795
training,llt,128,tensor,6,none,passed,152371968,72,12,72,72,contextual-llt,float32,,experiments/l40s/results/contextual-llt/training-llt-tensor-r128-t06-none.json,,,,,,,,,,,,,,,,,,,,241.6259765625,12.770188808441162,241.65773700224236,220.15521240234375,12.762378215789795
training,llt,128,tensor,7,ac,passed,152371968,84,12,84,84,contextual-llt,float32,,experiments/l40s/results/contextual-llt/training-llt-tensor-r128-t07-ac.json,,,,,,,,,,,,,,,,,,,,373.8951721191406,3.581956386566162,373.9213090011617,310.0774332682292,3.580493450164795
training,llt,128,tensor,7,none,passed,152371968,84,12,84,84,contextual-llt,float32,,experiments/l40s/results/contextual-llt/training-llt-tensor-r128-t07-none.json,,,,,,,,,,,,,,,,,,,,276.4482421875,14.460252285003662,276.48287199554034,253.70231119791666,14.452441692352295
training,llt,128,tensor,8,ac,passed,152371968,96,12,96,96,contextual-llt,float32,,experiments/l40s/results/contextual-llt/training-llt-tensor-r128-t08-ac.json,,,,,,,,,,,,,,,,,,,,423.50079345703125,3.722581386566162,423.54709799110424,351.6388753255208,3.721118450164795
training,llt,128,tensor,8,none,passed,152371968,96,12,96,96,contextual-llt,float32,,experiments/l40s/results/contextual-llt/training-llt-tensor-r128-t08-none.json,,,,,,,,,,,,,,,,,,,,315.8558654785156,16.150315761566162,315.88924999232404,287.1244710286458,16.142505168914795
training,llt,128,tensor,9,ac,passed,152371968,108,12,108,108,contextual-llt,float32,,experiments/l40s/results/contextual-llt/training-llt-tensor-r128-t09-ac.json,,,,,,,,,,,,,,,,,,,,482.634765625,3.863206386566162,482.66398400301114,393.7938639322917,3.861743450164795
training,llt,128,tensor,9,none,passed,152371968,108,12,108,108,contextual-llt,float32,,experiments/l40s/results/contextual-llt/training-llt-tensor-r128-t09-none.json,,,,,,,,,,,,,,,,,,,,351.636474609375,17.840379238128662,351.6714959987439,321.23118082682294,17.832568645477295
training,llt,128,tensor,10,ac,passed,152371968,120,12,120,120,contextual-llt,float32,,experiments/l40s/results/contextual-llt/training-llt-tensor-r128-t10-ac.json,,,,,,,,,,,,,,,,,,,,516.7390747070312,4.003831386566162,516.7678660072852,434.3494059244792,4.002368450164795
training,llt,128,tensor,10,none,passed,152371968,120,12,120,120,contextual-llt,float32,,experiments/l40s/results/contextual-llt/training-llt-tensor-r128-t10-none.json,,,,,,,,,,,,,,,,,,,,389.51116943359375,19.530442714691162,389.5484469976509,354.4849039713542,19.522632122039795
training,llt,128,tensor,11,ac,passed,152371968,132,12,132,132,contextual-llt,float32,,experiments/l40s/results/contextual-llt/training-llt-tensor-r128-t11-ac.json,,,,,,,,,,,,,,,,,,,,583.7424926757812,4.144456386566162,583.7718399998266,476.5606689453125,4.142993450164795
training,llt,128,tensor,11,none,passed,152371968,132,12,132,132,contextual-llt,float32,,experiments/l40s/results/contextual-llt/training-llt-tensor-r128-t11-none.json,,,,,,,,,,,,,,,,,,,,430.59100341796875,21.220506191253662,430.63972900563385,388.46875,21.212695598602295
training,llt,128,tensor,12,ac,passed,152371968,144,12,144,144,contextual-llt,float32,,experiments/l40s/results/contextual-llt/training-llt-tensor-r128-t12-ac.json,,,,,,,,,,,,,,,,,,,,635.5086059570312,4.285081386566162,635.5379870074103,518.4156901041666,4.283618450164795
training,llt,128,tensor,12,none,passed,152371968,144,12,144,144,contextual-llt,float32,,experiments/l40s/results/contextual-llt/training-llt-tensor-r128-t12-none.json,,,,,,,,,,,,,,,,,,,,462.6534423828125,22.910569667816162,462.6964269991731,421.6603190104167,22.902759075164795
training,llt,128,tensor,13,ac,passed,152371968,156,12,156,156,contextual-llt,float32,,experiments/l40s/results/contextual-llt/training-llt-tensor-r128-t13-ac.json,,,,,,,,,,,,,,,,,,,,673.6537475585938,4.425706386566162,673.6850450106431,560.6720784505209,4.424243450164795
training,llt,128,tensor,13,none,passed,152371968,156,12,156,156,contextual-llt,float32,,experiments/l40s/results/contextual-llt/training-llt-tensor-r128-t13-none.json,,,,,,,,,,,,,,,,,,,,495.54022216796875,24.600633144378662,495.5759320000652,456.1701253255208,24.592822551727295
training,llt,128,tensor,14,ac,passed,152371968,168,12,168,168,contextual-llt,float32,,experiments/l40s/results/contextual-llt/training-llt-tensor-r128-t14-ac.json,,,,,,,,,,,,,,,,,,,,741.1650390625,4.566331386566162,741.1950990062905,602.31298828125,4.564868450164795
training,llt,128,tensor,14,none,passed,152371968,168,12,168,168,contextual-llt,float32,,experiments/l40s/results/contextual-llt/training-llt-tensor-r128-t14-none.json,,,,,,,,,,,,,,,,,,,,533.3298950195312,26.290696620941162,533.3774979953887,489.3214518229167,26.282886028289795
training,llt,128,tensor,15,ac,passed,152371968,180,12,180,180,contextual-llt,float32,,experiments/l40s/results/contextual-llt/training-llt-tensor-r128-t15-ac.json,,,,,,,,,,,,,,,,,,,,784.3717041015625,4.706956386566162,784.4119819928892,644.2506103515625,4.705493450164795
training,llt,128,tensor,15,none,passed,152371968,180,12,180,180,contextual-llt,float32,,experiments/l40s/results/contextual-llt/training-llt-tensor-r128-t15-none.json,,,,,,,,,,,,,,,,,,,,566.7051391601562,27.980760097503662,566.7443689890206,523.7312825520834,27.972949504852295
training,llt,128,tensor,16,ac,passed,152371968,192,12,192,192,contextual-llt,float32,,experiments/l40s/results/contextual-llt/training-llt-tensor-r128-t16-ac.json,,,,,,,,,,,,,,,,,,,,834.0531005859375,4.847581386566162,834.1016880003735,686.29541015625,4.846118450164795
training,llt,128,tensor,16,none,passed,152371968,192,12,192,192,contextual-llt,float32,,experiments/l40s/results/contextual-llt/training-llt-tensor-r128-t16-none.json,,,,,,,,,,,,,,,,,,,,604.5706176757812,29.670823574066162,604.6122480038321,557.2410074869791,29.663012981414795
training,llt,32,torch,1,ac,passed,149717760,12,12,12,12,contextual-llt,float32,,experiments/l40s/results/contextual-llt/training-llt-torch-r032-t01-ac.json,,,,,,,,,,,,,,,,,,,,57.85395050048828,4.2807159423828125,57.88521500653587,49.88245137532552,4.284440994262695
training,llt,32,torch,1,none,passed,149717760,12,12,12,12,contextual-llt,float32,,experiments/l40s/results/contextual-llt/training-llt-torch-r032-t01-none.json,,,,,,,,,,,,,,,,,,,,49.94028854370117,5.434352874755859,49.97012999956496,45.98405456542969,5.434537887573242
training,llt,32,torch,2,ac,passed,149717760,24,12,24,24,contextual-llt,float32,,experiments/l40s/results/contextual-llt/training-llt-torch-r032-t02-ac.json,,,,,,,,,,,,,,,,,,,,85.24806213378906,4.426831245422363,85.27868799865246,70.31910196940105,4.429948806762695
training,llt,32,torch,2,none,passed,149717760,24,12,24,24,contextual-llt,float32,,experiments/l40s/results/contextual-llt/training-llt-torch-r032-t02-none.json,,,,,,,,,,,,,,,,,,,,68.25164794921875,6.530552864074707,68.28419399971608,63.10912068684896,6.527566909790039
training,llt,32,torch,3,ac,passed,149717760,36,12,36,36,contextual-llt,float32,,experiments/l40s/results/contextual-llt/training-llt-torch-r032-t03-ac.json,,,,,,,,,,,,,,,,,,,,114.59174346923828,4.566965103149414,114.6217050118139,91.33636474609375,4.572035789489746
training,llt,32,torch,3,none,passed,149717760,36,12,36,36,contextual-llt,float32,,experiments/l40s/results/contextual-llt/training-llt-torch-r032-t03-none.json,,,,,,,,,,,,,,,,,,,,86.94989013671875,7.635303497314453,86.97940899583045,80.45187377929688,7.636959075927734
training,llt,32,torch,4,ac,passed,149717760,48,12,48,48,contextual-llt,float32,,experiments/l40s/results/contextual-llt/training-llt-torch-r032-t04-ac.json,,,,,,,,,,,,,,,,,,,,147.89427185058594,4.704416275024414,147.92372299416456,112.40273030598958,4.712416648864746
training,llt,32,torch,4,none,passed,149717760,48,12,48,48,contextual-llt,float32,,experiments/l40s/results/contextual-llt/training-llt-torch-r032-t04-none.json,,,,,,,,,,,,,,,,,,,,105.24671936035156,8.72479248046875,105.28080099902581,98.05312093098958,8.729377746582031
training,llt,32,torch,5,ac,passed,149717760,60,12,60,60,contextual-llt,float32,,experiments/l40s/results/contextual-llt/training-llt-torch-r032-t05-ac.json,,,,,,,,,,,,,,,,,,,,179.22154235839844,4.845041275024414,179.27528399741277,133.2353719075521,4.853041648864746
training,llt,32,torch,5,none,passed,149717760,60,12,60,60,contextual-llt,float32,,experiments/l40s/results/contextual-llt/training-llt-torch-r032-t05-none.json,,,,,,,,,,,,,,,,,,,,123.21571350097656,9.814769744873047,123.2470410031965,115.0405985514323,9.821796417236328
training,llt,32,torch,6,ac,passed,149717760,72,12,72,72,contextual-llt,float32,,experiments/l40s/results/contextual-llt/training-llt-torch-r032-t06-ac.json,,,,,,,,,,,,,,,,,,,,209.9619903564453,4.985666275024414,209.9914330028696,154.4140828450521,4.993666648864746
training,llt,32,torch,6,none,passed,149717760,72,12,72,72,contextual-llt,float32,,experiments/l40s/results/contextual-llt/training-llt-torch-r032-t06-none.json,,,,,,,,,,,,,,,,,,,,142.71282958984375,10.905235290527344,142.7450740011409,132.48785400390625,10.914215087890625
training,llt,32,torch,7,ac,passed,149717760,84,12,84,84,contextual-llt,float32,,experiments/l40s/results/contextual-llt/training-llt-torch-r032-t07-ac.json,,,,,,,,,,,,,,,,,,,,242.42591857910156,5.126291275024414,242.45804199017584,175.9078165690104,5.134291648864746
training,llt,32,torch,7,none,passed,149717760,84,12,84,84,contextual-llt,float32,,experiments/l40s/results/contextual-llt/training-llt-torch-r032-t07-none.json,,,,,,,,,,,,,,,,,,,,161.06101989746094,11.99765396118164,161.09307599253953,150.2298583984375,12.006633758544922
training,llt,32,torch,8,ac,passed,149717760,96,12,96,96,contextual-llt,float32,,experiments/l40s/results/contextual-llt/training-llt-torch-r032-t08-ac.json,,,,,,,,,,,,,,,,,,,,274.2722473144531,5.266916275024414,274.3021460046293,196.77081298828125,5.274916648864746
training,llt,32,torch,8,none,passed,149717760,96,12,96,96,contextual-llt,float32,,experiments/l40s/results/contextual-llt/training-llt-torch-r032-t08-none.json,,,,,,,,,,,,,,,,,,,,179.62701416015625,13.090072631835938,179.66050699760672,167.59480794270834,13.099052429199219
training,llt,32,torch,9,ac,passed,149717760,108,12,108,108,contextual-llt,float32,,experiments/l40s/results/contextual-llt/training-llt-torch-r032-t09-ac.json,,,,,,,,,,,,,,,,,,,,306.39410400390625,5.407541275024414,306.42548299510963,218.109619140625,5.415541648864746
training,llt,32,torch,9,none,passed,149717760,108,12,108,108,contextual-llt,float32,,experiments/l40s/results/contextual-llt/training-llt-torch-r032-t09-none.json,,,,,,,,,,,,,,,,,,,,199.20077514648438,14.182491302490234,199.23690000723582,185.6191202799479,14.191471099853516
training,llt,32,torch,10,ac,passed,149717760,120,12,120,120,contextual-llt,float32,,experiments/l40s/results/contextual-llt/training-llt-torch-r032-t10-ac.json,,,,,,,,,,,,,,,,,,,,333.6099853515625,5.548166275024414,333.6448640038725,239.19991048177084,5.556166648864746
training,llt,32,torch,10,none,passed,149717760,120,12,120,120,contextual-llt,float32,,experiments/l40s/results/contextual-llt/training-llt-torch-r032-t10-none.json,,,,,,,,,,,,,,,,,,,,217.40850830078125,15.274909973144531,217.44268899783492,202.43900553385416,15.283889770507812
training,llt,32,torch,11,ac,passed,149717760,132,12,132,132,contextual-llt,float32,,experiments/l40s/results/contextual-llt/training-llt-torch-r032-t11-ac.json,,,,,,,,,,,,,,,,,,,,364.30438232421875,5.688791275024414,364.3372629885562,259.55531819661456,5.696791648864746
training,llt,32,torch,11,none,passed,149717760,132,12,132,132,contextual-llt,float32,,experiments/l40s/results/contextual-llt/training-llt-torch-r032-t11-none.json,,,,,,,,,,,,,,,,,,,,235.0950469970703,16.367328643798828,235.12691300129518,219.44012451171875,16.37630844116211
training,llt,32,torch,12,ac,passed,149717760,144,12,144,144,contextual-llt,float32,,experiments/l40s/results/contextual-llt/training-llt-torch-r032-t12-ac.json,,,,,,,,,,,,,,,,,,,,400.226318359375,5.829416275024414,400.2824560011504,280.6783447265625,5.837416648864746
training,llt,32,torch,12,none,passed,149717760,144,12,144,144,contextual-llt,float32,,experiments/l40s/results/contextual-llt/training-llt-torch-r032-t12-none.json,,,,,,,,,,,,,,,,,,,,258.2732849121094,17.459747314453125,258.30828098696657,237.41302490234375,17.468727111816406
training,llt,32,torch,13,ac,passed,149717760,156,12,156,156,contextual-llt,float32,,experiments/l40s/results/contextual-llt/training-llt-torch-r032-t13-ac.json,,,,,,,,,,,,,,,,,,,,433.5104064941406,5.970041275024414,433.5457949928241,304.5533040364583,5.978041648864746
training,llt,32,torch,13,none,passed,149717760,156,12,156,156,contextual-llt,float32,,experiments/l40s/results/contextual-llt/training-llt-torch-r032-t13-none.json,,,,,,,,,,,,,,,,,,,,275.18975830078125,18.552165985107422,275.23040599771775,255.87198893229166,18.561145782470703
training,llt,32,torch,14,ac,passed,149717760,168,12,168,168,contextual-llt,float32,,experiments/l40s/results/contextual-llt/training-llt-torch-r032-t14-ac.json,,,,,,,,,,,,,,,,,,,,469.6688537597656,6.110666275024414,469.70187898841687,322.8026529947917,6.118666648864746
training,llt,32,torch,14,none,passed,149717760,168,12,168,168,contextual-llt,float32,,experiments/l40s/results/contextual-llt/training-llt-torch-r032-t14-none.json,,,,,,,,,,,,,,,,,,,,290.5721740722656,19.64458465576172,290.60633000335656,271.8692626953125,19.653564453125
training,llt,32,torch,15,ac,passed,149717760,180,12,180,180,contextual-llt,float32,,experiments/l40s/results/contextual-llt/training-llt-torch-r032-t15-ac.json,,,,,,,,,,,,,,,,,,,,498.91937255859375,6.251291275024414,498.951257992303,344.6934000651042,6.259291648864746
training,llt,32,torch,15,none,passed,149717760,180,12,180,180,contextual-llt,float32,,experiments/l40s/results/contextual-llt/training-llt-torch-r032-t15-none.json,,,,,,,,,,,,,,,,,,,,311.86944580078125,20.737003326416016,311.90738501027226,290.1312662760417,20.745983123779297
training,llt,32,torch,16,ac,passed,149717760,192,12,192,192,contextual-llt,float32,,experiments/l40s/results/contextual-llt/training-llt-torch-r032-t16-ac.json,,,,,,,,,,,,,,,,,,,,532.7513427734375,6.391916275024414,532.7893080102513,365.0181070963542,6.399916648864746
training,llt,32,torch,16,none,passed,149717760,192,12,192,192,contextual-llt,float32,,experiments/l40s/results/contextual-llt/training-llt-torch-r032-t16-none.json,,,,,,,,,,,,,,,,,,,,329.87847900390625,21.829421997070312,329.91157700598706,306.10601806640625,21.838401794433594
training,llt,64,torch,1,ac,passed,150602496,12,12,12,12,contextual-llt,float32,,experiments/l40s/results/contextual-llt/training-llt-torch-r064-t01-ac.json,,,,,,,,,,,,,,,,,,,,60.177406311035156,4.3112335205078125,60.205755988135934,53.00052388509115,4.3142290115356445
training,llt,64,torch,1,none,passed,150602496,12,12,12,12,contextual-llt,float32,,experiments/l40s/results/contextual-llt/training-llt-torch-r064-t01-none.json,,,,,,,,,,,,,,,,,,,,51.61369705200195,5.566618919372559,51.65524700714741,48.40482076009115,5.553989410400391
training,llt,64,torch,2,ac,passed,150602496,24,12,24,24,contextual-llt,float32,,experiments/l40s/results/contextual-llt/training-llt-torch-r064-t02-ac.json,,,,,,,,,,,,,,,,,,,,87.89299011230469,4.457348823547363,87.92415598873049,76.55763244628906,4.455824851989746
training,llt,64,torch,2,none,passed,150602496,24,12,24,24,contextual-llt,float32,,experiments/l40s/results/contextual-llt/training-llt-torch-r064-t02-none.json,,,,,,,,,,,,,,,,,,,,71.69945526123047,6.7759809494018555,71.72977698792238,67.99223327636719,6.7805633544921875
training,llt,64,torch,3,ac,passed,150602496,36,12,36,36,contextual-llt,float32,,experiments/l40s/results/contextual-llt/training-llt-torch-r064-t03-ac.json,,,,,,,,,,,,,,,,,,,,116.4431381225586,4.602490425109863,116.47280999750365,100.7667236328125,4.598769187927246
training,llt,64,torch,3,none,passed,150602496,36,12,36,36,contextual-llt,float32,,experiments/l40s/results/contextual-llt/training-llt-torch-r064-t03-none.json,,,,,,,,,,,,,,,,,,,,92.21305847167969,7.973624229431152,92.24464099679608,87.82369995117188,7.976616859436035
training,llt,64,torch,4,ac,passed,150602496,48,12,48,48,contextual-llt,float32,,experiments/l40s/results/contextual-llt/training-llt-torch-r064-t04-ac.json,,,,,,,,,,,,,,,,,,,,144.65536499023438,4.742749214172363,144.68453399604186,124.62284342447917,4.739394187927246
training,llt,64,torch,4,none,passed,150602496,48,12,48,48,contextual-llt,float32,,experiments/l40s/results/contextual-llt/training-llt-torch-r064-t04-none.json,,,,,,,,,,,,,,,,,,,,112.75762939453125,9.17151165008545,112.80051300127525,107.43802897135417,9.174504280090332
training,llt,64,torch,5,ac,passed,150602496,60,12,60,60,contextual-llt,float32,,experiments/l40s/results/contextual-llt/training-llt-torch-r064-t05-ac.json,,,,,,,,,,,,,,,,,,,,178.8395538330078,4.884106636047363,178.87045801035129,148.95889282226562,4.880019187927246
training,llt,64,torch,5,none,passed,150602496,60,12,60,60,contextual-llt,float32,,experiments/l40s/results/contextual-llt/training-llt-torch-r064-t05-none.json,,,,,,,,,,,,,,,,,,,,133.3104705810547,10.369399070739746,133.36260999494698,127.460693359375,10.372391700744629
training,llt,64,torch,6,ac,passed,150602496,72,12,72,72,contextual-llt,float32,,experiments/l40s/results/contextual-llt/training-llt-torch-r064-t06-ac.json,,,,,,,,,,,,,,,,,,,,207.22483825683594,5.024731636047363,207.27566900313832,173.0321044921875,5.020644187927246
training,llt,64,torch,6,none,passed,150602496,72,12,72,72,contextual-llt,float32,,experiments/l40s/results/contextual-llt/training-llt-torch-r064-t06-none.json,,,,,,,,,,,,,,,,,,,,153.52525329589844,11.567286491394043,153.58336400822736,147.1839599609375,11.570279121398926
training,llt,64,torch,7,ac,passed,150602496,84,12,84,84,contextual-llt,float32,,experiments/l40s/results/contextual-llt/training-llt-torch-r064-t07-ac.json,,,,,,,,,,,,,,,,,,,,241.63226318359375,5.165356636047363,241.66678299661726,197.3012491861979,5.161269187927246
training,llt,64,torch,7,none,passed,150602496,84,12,84,84,contextual-llt,float32,,experiments/l40s/results/contextual-llt/training-llt-torch-r064-t07-none.json,,,,,,,,,,,,,,,,,,,,174.05850219726562,12.76517391204834,174.11472400999628,167.30179850260416,12.768166542053223
training,llt,64,torch,8,ac,passed,150602496,96,12,96,96,contextual-llt,float32,,experiments/l40s/results/contextual-llt/training-llt-torch-r064-t08-ac.json,,,,,,,,,,,,,,,,,,,,271.072265625,5.305981636047363,271.12568500160705,221.5812784830729,5.301894187927246
training,llt,64,torch,8,none,passed,150602496,96,12,96,96,contextual-llt,float32,,experiments/l40s/results/contextual-llt/training-llt-torch-r064-t08-none.json,,,,,,,,,,,,,,,,,,,,194.7125701904297,13.963061332702637,194.7451110027032,187.40667724609375,13.96605396270752
training,llt,64,torch,9,ac,passed,150602496,108,12,108,108,contextual-llt,float32,,experiments/l40s/results/contextual-llt/training-llt-torch-r064-t09-ac.json,,,,,,,,,,,,,,,,,,,,299.5782165527344,5.446606636047363,299.6108780062059,245.7596638997396,5.442519187927246
training,llt,64,torch,9,none,passed,150602496,108,12,108,108,contextual-llt,float32,,experiments/l40s/results/contextual-llt/training-llt-torch-r064-t09-none.json,,,,,,,,,,,,,,,,,,,,214.67955017089844,15.160948753356934,214.7138770087622,207.02311197916666,15.163941383361816
training,llt,64,torch,10,ac,passed,150602496,120,12,120,120,contextual-llt,float32,,experiments/l40s/results/contextual-llt/training-llt-torch-r064-t10-ac.json,,,,,,,,,,,,,,,,,,,,335.1152648925781,5.587231636047363,335.14526300132275,270.445556640625,5.583144187927246
training,llt,64,torch,10,none,passed,150602496,120,12,120,120,contextual-llt,float32,,experiments/l40s/results/contextual-llt/training-llt-torch-r064-t10-none.json,,,,,,,,,,,,,,,,,,,,235.36537170410156,16.35883617401123,235.4198529938003,227.17435709635416,16.361828804016113
training,llt,64,torch,11,ac,passed,150602496,132,12,132,132,contextual-llt,float32,,experiments/l40s/results/contextual-llt/training-llt-torch-r064-t11-ac.json,,,,,,,,,,,,,,,,,,,,371.7969970703125,5.727856636047363,371.83142300636973,295.16937255859375,5.723769187927246
training,llt,64,torch,11,none,passed,150602496,132,12,132,132,contextual-llt,float32,,experiments/l40s/results/contextual-llt/training-llt-torch-r064-t11-none.json,,,,,,,,,,,,,,,,,,,,256.4464111328125,17.556723594665527,256.47914300498087,247.29976399739584,17.55971622467041
training,llt,64,torch,12,ac,passed,150602496,144,12,144,144,contextual-llt,float32,,experiments/l40s/results/contextual-llt/training-llt-torch-r064-t12-ac.json,,,,,,,,,,,,,,,,,,,,408.80743408203125,5.868481636047363,408.84499200910795,317.5379638671875,5.864394187927246
training,llt,64,torch,12,none,passed,150602496,144,12,144,144,contextual-llt,float32,,experiments/l40s/results/contextual-llt/training-llt-torch-r064-t12-none.json,,,,,,,,,,,,,,,,,,,,275.78778076171875,18.754611015319824,275.8235970104579,266.029052734375,18.757603645324707
training,llt,64,torch,13,ac,passed,150602496,156,12,156,156,contextual-llt,float32,,experiments/l40s/results/contextual-llt/training-llt-torch-r064-t13-ac.json,,,,,,,,,,,,,,,,,,,,439.1629333496094,6.009106636047363,439.1956100007519,342.4073893229167,6.005019187927246
training,llt,64,torch,13,none,passed,150602496,156,12,156,156,contextual-llt,float32,,experiments/l40s/results/contextual-llt/training-llt-torch-r064-t13-none.json,,,,,,,,,,,,,,,,,,,,297.2006530761719,19.95249843597412,297.2326910094125,286.81935628255206,19.955491065979004
training,llt,64,torch,14,ac,passed,150602496,168,12,168,168,contextual-llt,float32,,experiments/l40s/results/contextual-llt/training-llt-torch-r064-t14-ac.json,,,,,,,,,,,,,,,,,,,,462.9514465332031,6.149731636047363,462.98425999702886,366.0718180338542,6.145644187927246
training,llt,64,torch,14,none,passed,150602496,168,12,168,168,contextual-llt,float32,,experiments/l40s/results/contextual-llt/training-llt-torch-r064-t14-none.json,,,,,,,,,,,,,,,,,,,,317.7676696777344,21.150385856628418,317.8044569940539,306.3435872395833,21.1533784866333
training,llt,64,torch,15,ac,passed,150602496,180,12,180,180,contextual-llt,float32,,experiments/l40s/results/contextual-llt/training-llt-torch-r064-t15-ac.json,,,,,,,,,,,,,,,,,,,,494.38311767578125,6.290356636047363,494.4197900040308,390.687744140625,6.286269187927246
training,llt,64,torch,15,none,passed,150602496,180,12,180,180,contextual-llt,float32,,experiments/l40s/results/contextual-llt/training-llt-torch-r064-t15-none.json,,,,,,,,,,,,,,,,,,,,338.24664306640625,22.348273277282715,338.28462100063916,325.84429931640625,22.351265907287598
training,llt,64,torch,16,ac,passed,150602496,192,12,192,192,contextual-llt,float32,,experiments/l40s/results/contextual-llt/training-llt-torch-r064-t16-ac.json,,,,,,,,,,,,,,,,,,,,526.0226440429688,6.430981636047363,526.0563939955318,414.7074381510417,6.426894187927246
training,llt,64,torch,16,none,passed,150602496,192,12,192,192,contextual-llt,float32,,experiments/l40s/results/contextual-llt/training-llt-torch-r064-t16-none.json,,,,,,,,,,,,,,,,,,,,357.83270263671875,23.54616069793701,357.8947059868369,345.3685709635417,23.549153327941895
training,llt,128,torch,1,ac,passed,152371968,12,12,12,12,contextual-llt,float32,,experiments/l40s/results/contextual-llt/training-llt-torch-r128-t01-ac.json,,,,,,,,,,,,,,,,,,,,64.9912338256836,4.353589057922363,65.0199719966622,58.79944356282552,4.3592729568481445
training,llt,128,torch,1,none,passed,152371968,12,12,12,12,contextual-llt,float32,,experiments/l40s/results/contextual-llt/training-llt-torch-r128-t01-none.json,,,,,,,,,,,,,,,,,,,,56.224769592285156,5.84688663482666,56.256362004205585,53.42003377278646,5.850986480712891
training,llt,128,torch,2,ac,passed,152371968,24,12,24,24,contextual-llt,float32,,experiments/l40s/results/contextual-llt/training-llt-torch-r128-t02-ac.json,,,,,,,,,,,,,,,,,,,,97.43769836425781,4.513257026672363,97.46831499796826,88.40294392903645,4.516374588012695
training,llt,128,torch,2,none,passed,152371968,24,12,24,24,contextual-llt,float32,,experiments/l40s/results/contextual-llt/training-llt-torch-r128-t02-none.json,,,,,,,,,,,,,,,,,,,,81.3854751586914,7.255711555480957,81.41883299686015,77.70555623372395,7.263223648071289
training,llt,128,torch,3,ac,passed,152371968,36,12,36,36,contextual-llt,float32,,experiments/l40s/results/contextual-llt/training-llt-torch-r128-t03-ac.json,,,,,,,,,,,,,,,,,,,,129.85752868652344,4.647534370422363,129.8921679990599,118.37576293945312,4.655287742614746
training,llt,128,torch,3,none,passed,152371968,36,12,36,36,contextual-llt,float32,,experiments/l40s/results/contextual-llt/training-llt-torch-r128-t03-none.json,,,,,,,,,,,,,,,,,,,,106.56460571289062,8.662342071533203,106.59773199586198,102.1074727376302,8.668386459350586
training,llt,128,torch,4,ac,passed,152371968,48,12,48,48,contextual-llt,float32,,experiments/l40s/results/contextual-llt/training-llt-torch-r128-t04-ac.json,,,,,,,,,,,,,,,,,,,,162.3961639404297,4.785229682922363,162.42696800327394,147.78846232096353,4.795912742614746
training,llt,128,torch,4,none,passed,152371968,48,12,48,48,contextual-llt,float32,,experiments/l40s/results/contextual-llt/training-llt-torch-r128-t04-none.json,,,,,,,,,,,,,,,,,,,,131.1919403076172,10.07360553741455,131.22438298887573,126.3134765625,10.078187942504883
training,llt,128,torch,5,ac,passed,152371968,60,12,60,60,contextual-llt,float32,,experiments/l40s/results/contextual-llt/training-llt-torch-r128-t05-ac.json,,,,,,,,,,,,,,,,,,,,195.62290954589844,4.925854682922363,195.65269799204543,178.2718709309896,4.936537742614746
training,llt,128,torch,5,none,passed,152371968,60,12,60,60,contextual-llt,float32,,experiments/l40s/results/contextual-llt/training-llt-torch-r128-t05-none.json,,,,,,,,,,,,,,,,,,,,157.2505645751953,11.482430458068848,157.28182000748347,151.80390421549478,11.48701286315918
training,llt,128,torch,6,ac,passed,152371968,72,12,72,72,contextual-llt,float32,,experiments/l40s/results/contextual-llt/training-llt-torch-r128-t06-ac.json,,,,,,,,,,,,,,,,,,,,230.5259552001953,5.066479682922363,230.5610799958231,208.4693400065104,5.077162742614746
training,llt,128,torch,6,none,passed,152371968,72,12,72,72,contextual-llt,float32,,experiments/l40s/results/contextual-llt/training-llt-torch-r128-t06-none.json,,,,,,,,,,,,,,,,,,,,182.3600616455078,12.891255378723145,182.39394699048717,176.46455891927084,12.895837783813477
training,llt,128,torch,7,ac,passed,152371968,84,12,84,84,contextual-llt,float32,,experiments/l40s/results/contextual-llt/training-llt-torch-r128-t07-ac.json,,,,,,,,,,,,,,,,,,,,262.2003173828125,5.207104682922363,262.25698000052944,238.3202921549479,5.217787742614746
training,llt,128,torch,7,none,passed,152371968,84,12,84,84,contextual-llt,float32,,experiments/l40s/results/contextual-llt/training-llt-torch-r128-t07-none.json,,,,,,,,,,,,,,,,,,,,207.4439697265625,14.300080299377441,207.47840899275616,200.6203816731771,14.304662704467773
training,llt,128,torch,8,ac,passed,152371968,96,12,96,96,contextual-llt,float32,,experiments/l40s/results/contextual-llt/training-llt-torch-r128-t08-ac.json,,,,,,,,,,,,,,,,,,,,295.1352844238281,5.347729682922363,295.16938599408604,267.86387125651044,5.358412742614746
training,llt,128,torch,8,none,passed,152371968,96,12,96,96,contextual-llt,float32,,experiments/l40s/results/contextual-llt/training-llt-torch-r128-t08-none.json,,,,,,,,,,,,,,,,,,,,232.4715576171875,15.708905220031738,232.50460100825876,225.26123046875,15.71348762512207
training,llt,128,torch,9,ac,passed,152371968,108,12,108,108,contextual-llt,float32,,experiments/l40s/results/contextual-llt/training-llt-torch-r128-t09-ac.json,,,,,,,,,,,,,,,,,,,,327.4474792480469,5.488354682922363,327.4843640101608,298.6216227213542,5.499037742614746
training,llt,128,torch,9,none,passed,152371968,108,12,108,108,contextual-llt,float32,,experiments/l40s/results/contextual-llt/training-llt-torch-r128-t09-none.json,,,,,,,,,,,,,,,,,,,,258.70745849609375,17.117730140686035,258.74091999139637,250.83614095052084,17.122312545776367
training,llt,128,torch,10,ac,passed,152371968,120,12,120,120,contextual-llt,float32,,experiments/l40s/results/contextual-llt/training-llt-torch-r128-t10-ac.json,,,,,,,,,,,,,,,,,,,,360.54937744140625,5.628979682922363,360.5816909985151,326.60308837890625,5.639662742614746
training,llt,128,torch,10,none,passed,152371968,120,12,120,120,contextual-llt,float32,,experiments/l40s/results/contextual-llt/training-llt-torch-r128-t10-none.json,,,,,,,,,,,,,,,,,,,,281.98492431640625,18.526555061340332,282.02176399645396,273.31447347005206,18.531137466430664
training,llt,128,torch,11,ac,passed,152371968,132,12,132,132,contextual-llt,float32,,experiments/l40s/results/contextual-llt/training-llt-torch-r128-t11-ac.json,,,,,,,,,,,,,,,,,,,,396.62274169921875,5.769604682922363,396.660227997927,357.5777180989583,5.780287742614746
training,llt,128,torch,11,none,passed,152371968,132,12,132,132,contextual-llt,float32,,experiments/l40s/results/contextual-llt/training-llt-torch-r128-t11-none.json,,,,,,,,,,,,,,,,,,,,308.2434387207031,19.93537998199463,308.28003300121054,298.37652587890625,19.93996238708496
training,llt,128,torch,12,ac,passed,152371968,144,12,144,144,contextual-llt,float32,,experiments/l40s/results/contextual-llt/training-llt-torch-r128-t12-ac.json,,,,,,,,,,,,,,,,,,,,430.51007080078125,5.910229682922363,430.54720599320717,388.8899332682292,5.920912742614746
training,llt,128,torch,12,none,passed,152371968,144,12,144,144,contextual-llt,float32,,experiments/l40s/results/contextual-llt/training-llt-torch-r128-t12-none.json,,,,,,,,,,,,,,,,,,,,333.8055725097656,21.344204902648926,333.84082399425097,323.7881266276042,21.348787307739258
training,llt,128,torch,13,ac,passed,152371968,156,12,156,156,contextual-llt,float32,,experiments/l40s/results/contextual-llt/training-llt-torch-r128-t13-ac.json,,,,,,,,,,,,,,,,,,,,460.7037353515625,6.050854682922363,460.7445510046091,416.3826497395833,6.061537742614746
training,llt,128,torch,13,none,passed,152371968,156,12,156,156,contextual-llt,float32,,experiments/l40s/results/contextual-llt/training-llt-torch-r128-t13-none.json,,,,,,,,,,,,,,,,,,,,360.2606201171875,22.753029823303223,360.3112379933009,347.0264485677083,22.757612228393555
training,llt,128,torch,14,ac,passed,152371968,168,12,168,168,contextual-llt,float32,,experiments/l40s/results/contextual-llt/training-llt-torch-r128-t14-ac.json,,,,,,,,,,,,,,,,,,,,492.7856750488281,6.191479682922363,492.82475899963174,448.9386800130208,6.202162742614746
training,llt,128,torch,14,none,passed,152371968,168,12,168,168,contextual-llt,float32,,experiments/l40s/results/contextual-llt/training-llt-torch-r128-t14-none.json,,,,,,,,,,,,,,,,,,,,385.0864562988281,24.16185474395752,385.1228700077627,373.5449625651042,24.16643714904785
training,llt,128,torch,15,ac,passed,152371968,180,12,180,180,contextual-llt,float32,,experiments/l40s/results/contextual-llt/training-llt-torch-r128-t15-ac.json,,,,,,,,,,,,,,,,,,,,524.2664794921875,6.332104682922363,524.3049189884914,476.0725504557292,6.342787742614746
training,llt,128,torch,15,none,passed,152371968,180,12,180,180,contextual-llt,float32,,experiments/l40s/results/contextual-llt/training-llt-torch-r128-t15-none.json,,,,,,,,,,,,,,,,,,,,408.6138916015625,25.570679664611816,408.6523410078371,396.6225179036458,25.57526206970215
training,llt,128,torch,16,ac,passed,152371968,192,12,192,192,contextual-llt,float32,,experiments/l40s/results/contextual-llt/training-llt-torch-r128-t16-ac.json,,,,,,,,,,,,,,,,,,,,560.6983642578125,6.472729682922363,560.7377779961098,509.6075846354167,6.483412742614746
training,llt,128,torch,16,none,passed,152371968,192,12,192,192,contextual-llt,float32,,experiments/l40s/results/contextual-llt/training-llt-torch-r128-t16-none.json,,,,,,,,,,,,,,,,,,,,435.8348693847656,26.979504585266113,435.87393799680285,424.4684651692708,26.984086990356445
